ISO-10303-21;
HEADER;
/* Generated by software containing ST-Developer
 * from STEP Tools, Inc. (www.steptools.com) 
 */

FILE_DESCRIPTION(
/* description */ (''),
/* implementation_level */ '2;1');

FILE_NAME(
/* name */ 'myLongHub.step',
/* time_stamp */ '2026-05-17T01:50:49+03:00',
/* author */ (''),
/* organization */ (''),
/* preprocessor_version */ 'ST-DEVELOPER v20.1',
/* originating_system */ 'Autodesk Translation Framework v14.24.0.0',
/* authorisation */ '');

FILE_SCHEMA (('AUTOMOTIVE_DESIGN { 1 0 10303 214 3 1 1 }'));
ENDSEC;

DATA;
#10=MECHANICAL_DESIGN_GEOMETRIC_PRESENTATION_REPRESENTATION('',(#13),#1924);
#11=SHAPE_REPRESENTATION_RELATIONSHIP('SRR','None',#1930,#12);
#12=ADVANCED_BREP_SHAPE_REPRESENTATION('',(#14),#1923);
#13=STYLED_ITEM('',(#1939),#14);
#14=MANIFOLD_SOLID_BREP('Body1',#936);
#15=B_SPLINE_SURFACE_WITH_KNOTS('',5,1,((#1748,#1749),(#1750,#1751),(#1752,
#1753),(#1754,#1755),(#1756,#1757),(#1758,#1759),(#1760,#1761),(#1762,#1763),
(#1764,#1765),(#1766,#1767),(#1768,#1769),(#1770,#1771),(#1772,#1773),(#1774,
#1775),(#1776,#1777),(#1778,#1779),(#1780,#1781),(#1782,#1783),(#1784,#1785),
(#1786,#1787)),.UNSPECIFIED.,.F.,.F.,.F.,(6,1,1,1,1,1,1,1,1,1,1,1,1,1,1,
6),(2,2),(0.,0.0666666666666667,0.133333333333333,0.2,0.266666666666667,
0.333333333333333,0.4,0.466666666666667,0.533333333333333,0.6,0.666666666666667,
0.733333333333333,0.8,0.866666666666667,0.933333333333333,1.),(0.,0.45),
 .UNSPECIFIED.);
#16=(
BOUNDED_CURVE()
B_SPLINE_CURVE(2,(#1571,#1572,#1573),.UNSPECIFIED.,.F.,.F.)
B_SPLINE_CURVE_WITH_KNOTS((3,3),(0.328571713760477,2.58968806143416),
 .UNSPECIFIED.)
CURVE()
GEOMETRIC_REPRESENTATION_ITEM()
RATIONAL_B_SPLINE_CURVE((1.04189699528636,1.167766659742,1.04189699528636))
REPRESENTATION_ITEM('')
);
#17=(
BOUNDED_CURVE()
B_SPLINE_CURVE(2,(#1606,#1607,#1608),.UNSPECIFIED.,.F.,.F.)
B_SPLINE_CURVE_WITH_KNOTS((3,3),(0.328571713760478,2.58968806143417),
 .UNSPECIFIED.)
CURVE()
GEOMETRIC_REPRESENTATION_ITEM()
RATIONAL_B_SPLINE_CURVE((1.04189699528636,1.167766659742,1.04189699528636))
REPRESENTATION_ITEM('')
);
#18=(
BOUNDED_CURVE()
B_SPLINE_CURVE(2,(#1636,#1637,#1638),.UNSPECIFIED.,.F.,.F.)
B_SPLINE_CURVE_WITH_KNOTS((3,3),(0.328571713760476,2.58968806143416),
 .UNSPECIFIED.)
CURVE()
GEOMETRIC_REPRESENTATION_ITEM()
RATIONAL_B_SPLINE_CURVE((1.04189699528636,1.167766659742,1.04189699528636))
REPRESENTATION_ITEM('')
);
#19=(
BOUNDED_CURVE()
B_SPLINE_CURVE(2,(#1666,#1667,#1668),.UNSPECIFIED.,.F.,.F.)
B_SPLINE_CURVE_WITH_KNOTS((3,3),(0.32857171376047,2.58968806143415),
 .UNSPECIFIED.)
CURVE()
GEOMETRIC_REPRESENTATION_ITEM()
RATIONAL_B_SPLINE_CURVE((1.04189699528636,1.167766659742,1.04189699528636))
REPRESENTATION_ITEM('')
);
#20=B_SPLINE_CURVE_WITH_KNOTS('',3,(#1318,#1319,#1320,#1321,#1322,#1323),
 .UNSPECIFIED.,.F.,.F.,(4,2,4),(0.270981534006908,0.321083488845644,0.365693653570968),
 .UNSPECIFIED.);
#21=B_SPLINE_CURVE_WITH_KNOTS('',3,(#1325,#1326,#1327,#1328,#1329,#1330),
 .UNSPECIFIED.,.F.,.F.,(4,2,4),(0.176269414442919,0.220879579168172,0.270981534006908),
 .UNSPECIFIED.);
#22=B_SPLINE_CURVE_WITH_KNOTS('',3,(#1334,#1335,#1336,#1337,#1338,#1339,
#1340,#1341,#1342,#1343,#1344,#1345,#1346,#1347,#1348,#1349),
 .UNSPECIFIED.,.F.,.F.,(4,2,2,2,2,2,2,4),(2.05793537744399,2.06142834965095,
2.0649213218579,2.07190726627182,2.12051932769951,2.23819509504838,2.35587086239725,
2.50754212277401),.UNSPECIFIED.);
#23=B_SPLINE_CURVE_WITH_KNOTS('',3,(#1355,#1356,#1357,#1358,#1359,#1360,
#1361,#1362,#1363,#1364,#1365,#1366,#1367,#1368,#1369,#1370),
 .UNSPECIFIED.,.F.,.F.,(4,2,2,2,2,2,2,4),(1.60832863211398,1.75999989249068,
1.87767565983957,1.99535142718846,2.04396348861616,2.05094943303008,2.05444240523703,
2.05793537744399),.UNSPECIFIED.);
#24=B_SPLINE_CURVE_WITH_KNOTS('',3,(#1373,#1374,#1375,#1376,#1377,#1378),
 .UNSPECIFIED.,.F.,.F.,(4,2,4),(0.27098153400691,0.321083488845647,0.365693653571012),
 .UNSPECIFIED.);
#25=B_SPLINE_CURVE_WITH_KNOTS('',3,(#1380,#1381,#1382,#1383,#1384,#1385),
 .UNSPECIFIED.,.F.,.F.,(4,2,4),(0.17626941444288,0.220879579168174,0.27098153400691),
 .UNSPECIFIED.);
#26=B_SPLINE_CURVE_WITH_KNOTS('',3,(#1389,#1390,#1391,#1392,#1393,#1394,
#1395,#1396,#1397,#1398,#1399,#1400,#1401,#1402,#1403,#1404),
 .UNSPECIFIED.,.F.,.F.,(4,2,2,2,2,2,2,4),(2.05793537744399,2.06142834965095,
2.0649213218579,2.07190726627182,2.12051932769951,2.23819509504837,2.35587086239724,
2.50754212273753),.UNSPECIFIED.);
#27=B_SPLINE_CURVE_WITH_KNOTS('',3,(#1410,#1411,#1412,#1413,#1414,#1415,
#1416,#1417,#1418,#1419,#1420,#1421,#1422,#1423,#1424,#1425),
 .UNSPECIFIED.,.F.,.F.,(4,2,2,2,2,2,2,4),(1.60832863215045,1.75999989249064,
1.87767565983955,1.99535142718845,2.04396348861616,2.05094943303007,2.05444240523703,
2.05793537744399),.UNSPECIFIED.);
#28=B_SPLINE_CURVE_WITH_KNOTS('',3,(#1435,#1436,#1437,#1438,#1439,#1440),
 .UNSPECIFIED.,.F.,.F.,(4,2,4),(0.176269414442866,0.220879579168179,0.270981534006916),
 .UNSPECIFIED.);
#29=B_SPLINE_CURVE_WITH_KNOTS('',3,(#1442,#1443,#1444,#1445,#1446,#1447),
 .UNSPECIFIED.,.F.,.F.,(4,2,4),(0.270981534006916,0.321083488845652,0.36569365357099),
 .UNSPECIFIED.);
#30=B_SPLINE_CURVE_WITH_KNOTS('',3,(#1449,#1450,#1451,#1452,#1453,#1454),
 .UNSPECIFIED.,.F.,.F.,(4,2,4),(0.176269414442875,0.220879579168173,0.270981534006909),
 .UNSPECIFIED.);
#31=B_SPLINE_CURVE_WITH_KNOTS('',3,(#1455,#1456,#1457,#1458,#1459,#1460),
 .UNSPECIFIED.,.F.,.F.,(4,2,4),(0.270981534006909,0.321083488845646,0.365693653570972),
 .UNSPECIFIED.);
#32=B_SPLINE_CURVE_WITH_KNOTS('',3,(#1464,#1465,#1466,#1467,#1468,#1469,
#1470,#1471,#1472,#1473,#1474,#1475,#1476,#1477,#1478,#1479),
 .UNSPECIFIED.,.F.,.F.,(4,2,2,2,2,2,2,4),(1.60832863211398,1.75999989249066,
1.87767565983956,1.99535142718846,2.04396348861616,2.05094943303008,2.05444240523703,
2.05793537744399),.UNSPECIFIED.);
#33=B_SPLINE_CURVE_WITH_KNOTS('',3,(#1481,#1482,#1483,#1484,#1485,#1486,
#1487,#1488,#1489,#1490,#1491,#1492,#1493,#1494,#1495,#1496),
 .UNSPECIFIED.,.F.,.F.,(4,2,2,2,2,2,2,4),(2.05793537744399,2.06142834965095,
2.0649213218579,2.07190726627181,2.12051932769951,2.23819509504838,2.35587086239725,
2.50754212273753),.UNSPECIFIED.);
#34=B_SPLINE_CURVE_WITH_KNOTS('',3,(#1498,#1499,#1500,#1501,#1502,#1503,
#1504,#1505,#1506,#1507,#1508,#1509,#1510,#1511,#1512,#1513),
 .UNSPECIFIED.,.F.,.F.,(4,2,2,2,2,2,2,4),(1.60832863211398,1.75999989249065,
1.87767565983955,1.99535142718846,2.04396348861616,2.05094943303008,2.05444240523704,
2.05793537744399),.UNSPECIFIED.);
#35=B_SPLINE_CURVE_WITH_KNOTS('',3,(#1514,#1515,#1516,#1517,#1518,#1519,
#1520,#1521,#1522,#1523,#1524,#1525,#1526,#1527,#1528,#1529),
 .UNSPECIFIED.,.F.,.F.,(4,2,2,2,2,2,2,4),(2.05793537744399,2.06142834965095,
2.06492132185791,2.07190726627182,2.12051932769951,2.23819509504838,2.35587086239725,
2.50754212273753),.UNSPECIFIED.);
#36=B_SPLINE_CURVE_WITH_KNOTS('',3,(#1558,#1559,#1560,#1561,#1562,#1563,
#1564,#1565,#1566,#1567,#1568,#1569),.UNSPECIFIED.,.F.,.F.,(4,2,2,2,2,4),
(4.70258547091136,4.7814415045839,4.86029753825644,5.01800960560152,5.26557249720489,
5.40817234676647),.UNSPECIFIED.);
#37=B_SPLINE_CURVE_WITH_KNOTS('',3,(#1575,#1576,#1577,#1578,#1579,#1580,
#1581,#1582,#1583,#1584,#1585,#1586),.UNSPECIFIED.,.F.,.F.,(4,2,2,2,2,4),
(3.99699859505626,4.13959844461783,4.3871613362212,4.54487340356628,4.62372943723882,
4.70258547091136),.UNSPECIFIED.);
#38=B_SPLINE_CURVE_WITH_KNOTS('',3,(#1593,#1594,#1595,#1596,#1597,#1598,
#1599,#1600,#1601,#1602,#1603,#1604),.UNSPECIFIED.,.F.,.F.,(4,2,2,2,2,4),
(4.70258547091136,4.7814415045839,4.86029753825644,5.01800960560152,5.26557249720489,
5.40817234676646),.UNSPECIFIED.);
#39=B_SPLINE_CURVE_WITH_KNOTS('',3,(#1610,#1611,#1612,#1613,#1614,#1615,
#1616,#1617,#1618,#1619,#1620,#1621),.UNSPECIFIED.,.F.,.F.,(4,2,2,2,2,4),
(3.99699859505626,4.13959844461784,4.3871613362212,4.54487340356629,4.62372943723883,
4.70258547091137),.UNSPECIFIED.);
#40=B_SPLINE_CURVE_WITH_KNOTS('',3,(#1623,#1624,#1625,#1626,#1627,#1628,
#1629,#1630,#1631,#1632,#1633,#1634),.UNSPECIFIED.,.F.,.F.,(4,2,2,2,2,4),
(4.70258547091137,4.78144150458391,4.86029753825645,5.01800960560153,5.2655724972049,
5.40817234676647),.UNSPECIFIED.);
#41=B_SPLINE_CURVE_WITH_KNOTS('',3,(#1640,#1641,#1642,#1643,#1644,#1645,
#1646,#1647,#1648,#1649,#1650,#1651),.UNSPECIFIED.,.F.,.F.,(4,2,2,2,2,4),
(3.99699859505627,4.13959844461785,4.38716133622121,4.54487340356629,4.62372943723884,
4.70258547091138),.UNSPECIFIED.);
#42=B_SPLINE_CURVE_WITH_KNOTS('',3,(#1653,#1654,#1655,#1656,#1657,#1658,
#1659,#1660,#1661,#1662,#1663,#1664),.UNSPECIFIED.,.F.,.F.,(4,2,2,2,2,4),
(4.70258547091138,4.78144150458392,4.86029753825646,5.01800960560154,5.26557249720491,
5.40817234676648),.UNSPECIFIED.);
#43=B_SPLINE_CURVE_WITH_KNOTS('',3,(#1669,#1670,#1671,#1672,#1673,#1674,
#1675,#1676,#1677,#1678,#1679,#1680),.UNSPECIFIED.,.F.,.F.,(4,2,2,2,2,4),
(3.99699859505627,4.13959844461784,4.3871613362212,4.54487340356628,4.62372943723882,
4.70258547091136),.UNSPECIFIED.);
#44=B_SPLINE_CURVE_WITH_KNOTS('',5,(#1692,#1693,#1694,#1695,#1696,#1697),
 .UNSPECIFIED.,.F.,.F.,(6,6),(0.,0.000659054323047484),.UNSPECIFIED.);
#45=B_SPLINE_CURVE_WITH_KNOTS('',5,(#1788,#1789,#1790,#1791,#1792,#1793,
#1794,#1795,#1796,#1797,#1798,#1799,#1800,#1801,#1802,#1803,#1804,#1805,
#1806,#1807),.UNSPECIFIED.,.F.,.F.,(6,1,1,1,1,1,1,1,1,1,1,1,1,1,1,6),(-1.,
-0.933333333333333,-0.866666666666667,-0.8,-0.733333333333333,-0.666666666666667,
-0.6,-0.533333333333333,-0.466666666666667,-0.4,-0.333333333333333,-0.266666666666667,
-0.2,-0.133333333333333,-0.0666666666666667,0.),.UNSPECIFIED.);
#46=B_SPLINE_CURVE_WITH_KNOTS('',5,(#1808,#1809,#1810,#1811,#1812,#1813,
#1814,#1815,#1816,#1817,#1818,#1819,#1820,#1821,#1822,#1823,#1824,#1825,
#1826,#1827),.UNSPECIFIED.,.F.,.F.,(6,1,1,1,1,1,1,1,1,1,1,1,1,1,1,6),(0.000659054323047484,
0.0666666666666667,0.133333333333333,0.2,0.266666666666667,0.333333333333333,
0.4,0.466666666666667,0.533333333333333,0.6,0.666666666666667,0.733333333333333,
0.8,0.866666666666667,0.933333333333333,1.),.UNSPECIFIED.);
#47=ELLIPSE('',#944,11.0872990236249,1.24682246772839);
#48=ELLIPSE('',#945,11.0872990236248,1.24682246772839);
#49=ELLIPSE('',#946,2.14339076282878,2.1153379856209);
#50=ELLIPSE('',#947,2.14339076282878,2.1153379856209);
#51=ELLIPSE('',#949,11.0872990236249,1.24682246772839);
#52=ELLIPSE('',#950,2.14339076282877,2.11533798562091);
#53=ELLIPSE('',#951,2.14339076282877,2.11533798562091);
#54=ELLIPSE('',#959,2.14339076282877,2.1153379856209);
#55=ELLIPSE('',#960,2.14339076282877,2.1153379856209);
#56=ELLIPSE('',#961,11.087299023625,1.24682246772838);
#57=ELLIPSE('',#966,2.14339076282877,2.11533798562091);
#58=ELLIPSE('',#967,2.14339076282877,2.11533798562091);
#59=CONICAL_SURFACE('',#943,1.67775831369861,0.0188725104595987);
#60=CONICAL_SURFACE('',#948,1.67775831369861,0.0188725104595987);
#61=CONICAL_SURFACE('',#958,1.67775831369861,0.0188725104595987);
#62=CONICAL_SURFACE('',#965,1.67775831369861,0.0188725104595987);
#63=CONICAL_SURFACE('',#974,9.79178497514121,0.208817175707365);
#64=FACE_BOUND('',#154,.T.);
#65=FACE_BOUND('',#167,.T.);
#66=FACE_BOUND('',#179,.T.);
#67=FACE_BOUND('',#180,.T.);
#68=FACE_BOUND('',#182,.T.);
#69=FACE_BOUND('',#186,.T.);
#70=FACE_BOUND('',#188,.T.);
#71=FACE_BOUND('',#190,.T.);
#72=FACE_BOUND('',#192,.T.);
#73=FACE_BOUND('',#194,.T.);
#74=FACE_BOUND('',#212,.T.);
#75=FACE_BOUND('',#213,.T.);
#76=FACE_BOUND('',#214,.T.);
#77=FACE_BOUND('',#215,.T.);
#78=FACE_BOUND('',#216,.T.);
#79=PLANE('',#941);
#80=PLANE('',#952);
#81=PLANE('',#962);
#82=PLANE('',#968);
#83=PLANE('',#971);
#84=PLANE('',#977);
#85=PLANE('',#986);
#86=PLANE('',#987);
#87=PLANE('',#991);
#88=PLANE('',#995);
#89=PLANE('',#996);
#90=PLANE('',#997);
#91=PLANE('',#999);
#92=PLANE('',#1004);
#93=PLANE('',#1005);
#94=PLANE('',#1008);
#95=PLANE('',#1011);
#96=PLANE('',#1014);
#97=PLANE('',#1029);
#98=PLANE('',#1032);
#99=PLANE('',#1035);
#100=PLANE('',#1038);
#101=PLANE('',#1041);
#102=FACE_OUTER_BOUND('',#152,.T.);
#103=FACE_OUTER_BOUND('',#153,.T.);
#104=FACE_OUTER_BOUND('',#155,.T.);
#105=FACE_OUTER_BOUND('',#156,.T.);
#106=FACE_OUTER_BOUND('',#157,.T.);
#107=FACE_OUTER_BOUND('',#158,.T.);
#108=FACE_OUTER_BOUND('',#159,.T.);
#109=FACE_OUTER_BOUND('',#160,.T.);
#110=FACE_OUTER_BOUND('',#161,.T.);
#111=FACE_OUTER_BOUND('',#162,.T.);
#112=FACE_OUTER_BOUND('',#163,.T.);
#113=FACE_OUTER_BOUND('',#164,.T.);
#114=FACE_OUTER_BOUND('',#165,.T.);
#115=FACE_OUTER_BOUND('',#166,.T.);
#116=FACE_OUTER_BOUND('',#168,.T.);
#117=FACE_OUTER_BOUND('',#169,.T.);
#118=FACE_OUTER_BOUND('',#170,.T.);
#119=FACE_OUTER_BOUND('',#171,.T.);
#120=FACE_OUTER_BOUND('',#172,.T.);
#121=FACE_OUTER_BOUND('',#173,.T.);
#122=FACE_OUTER_BOUND('',#174,.T.);
#123=FACE_OUTER_BOUND('',#175,.T.);
#124=FACE_OUTER_BOUND('',#176,.T.);
#125=FACE_OUTER_BOUND('',#177,.T.);
#126=FACE_OUTER_BOUND('',#178,.T.);
#127=FACE_OUTER_BOUND('',#181,.T.);
#128=FACE_OUTER_BOUND('',#183,.T.);
#129=FACE_OUTER_BOUND('',#184,.T.);
#130=FACE_OUTER_BOUND('',#185,.T.);
#131=FACE_OUTER_BOUND('',#187,.T.);
#132=FACE_OUTER_BOUND('',#189,.T.);
#133=FACE_OUTER_BOUND('',#191,.T.);
#134=FACE_OUTER_BOUND('',#193,.T.);
#135=FACE_OUTER_BOUND('',#195,.T.);
#136=FACE_OUTER_BOUND('',#196,.T.);
#137=FACE_OUTER_BOUND('',#197,.T.);
#138=FACE_OUTER_BOUND('',#198,.T.);
#139=FACE_OUTER_BOUND('',#199,.T.);
#140=FACE_OUTER_BOUND('',#200,.T.);
#141=FACE_OUTER_BOUND('',#201,.T.);
#142=FACE_OUTER_BOUND('',#202,.T.);
#143=FACE_OUTER_BOUND('',#203,.T.);
#144=FACE_OUTER_BOUND('',#204,.T.);
#145=FACE_OUTER_BOUND('',#205,.T.);
#146=FACE_OUTER_BOUND('',#206,.T.);
#147=FACE_OUTER_BOUND('',#207,.T.);
#148=FACE_OUTER_BOUND('',#208,.T.);
#149=FACE_OUTER_BOUND('',#209,.T.);
#150=FACE_OUTER_BOUND('',#210,.T.);
#151=FACE_OUTER_BOUND('',#211,.T.);
#152=EDGE_LOOP('',(#591,#592,#593,#594));
#153=EDGE_LOOP('',(#595));
#154=EDGE_LOOP('',(#596));
#155=EDGE_LOOP('',(#597,#598,#599,#600,#601,#602,#603,#604,#605,#606));
#156=EDGE_LOOP('',(#607,#608,#609,#610,#611,#612,#613,#614,#615,#616));
#157=EDGE_LOOP('',(#617,#618,#619,#620));
#158=EDGE_LOOP('',(#621,#622,#623,#624,#625,#626,#627,#628,#629,#630,#631));
#159=EDGE_LOOP('',(#632,#633,#634,#635,#636,#637,#638,#639,#640,#641,#642));
#160=EDGE_LOOP('',(#643,#644,#645,#646,#647,#648,#649,#650,#651,#652));
#161=EDGE_LOOP('',(#653,#654,#655,#656));
#162=EDGE_LOOP('',(#657,#658,#659,#660,#661,#662,#663,#664,#665,#666));
#163=EDGE_LOOP('',(#667,#668,#669,#670));
#164=EDGE_LOOP('',(#671,#672,#673,#674));
#165=EDGE_LOOP('',(#675,#676,#677,#678,#679,#680,#681,#682,#683,#684,#685,
#686,#687,#688,#689,#690));
#166=EDGE_LOOP('',(#691));
#167=EDGE_LOOP('',(#692));
#168=EDGE_LOOP('',(#693,#694,#695,#696,#697,#698,#699,#700,#701,#702));
#169=EDGE_LOOP('',(#703,#704,#705,#706));
#170=EDGE_LOOP('',(#707,#708,#709,#710));
#171=EDGE_LOOP('',(#711,#712,#713,#714));
#172=EDGE_LOOP('',(#715,#716,#717,#718));
#173=EDGE_LOOP('',(#719,#720,#721,#722));
#174=EDGE_LOOP('',(#723,#724,#725,#726));
#175=EDGE_LOOP('',(#727,#728,#729,#730));
#176=EDGE_LOOP('',(#731,#732,#733,#734,#735));
#177=EDGE_LOOP('',(#736,#737,#738,#739));
#178=EDGE_LOOP('',(#740,#741,#742,#743,#744,#745,#746,#747,#748,#749));
#179=EDGE_LOOP('',(#750));
#180=EDGE_LOOP('',(#751));
#181=EDGE_LOOP('',(#752,#753,#754,#755,#756,#757,#758,#759,#760));
#182=EDGE_LOOP('',(#761));
#183=EDGE_LOOP('',(#762,#763,#764,#765));
#184=EDGE_LOOP('',(#766,#767,#768,#769));
#185=EDGE_LOOP('',(#770));
#186=EDGE_LOOP('',(#771));
#187=EDGE_LOOP('',(#772));
#188=EDGE_LOOP('',(#773));
#189=EDGE_LOOP('',(#774));
#190=EDGE_LOOP('',(#775));
#191=EDGE_LOOP('',(#776));
#192=EDGE_LOOP('',(#777));
#193=EDGE_LOOP('',(#778));
#194=EDGE_LOOP('',(#779));
#195=EDGE_LOOP('',(#780,#781,#782,#783,#784));
#196=EDGE_LOOP('',(#785,#786,#787,#788,#789));
#197=EDGE_LOOP('',(#790,#791,#792,#793,#794));
#198=EDGE_LOOP('',(#795,#796,#797,#798,#799));
#199=EDGE_LOOP('',(#800,#801,#802,#803));
#200=EDGE_LOOP('',(#804,#805,#806,#807));
#201=EDGE_LOOP('',(#808,#809,#810,#811));
#202=EDGE_LOOP('',(#812,#813,#814,#815));
#203=EDGE_LOOP('',(#816,#817,#818,#819));
#204=EDGE_LOOP('',(#820,#821,#822,#823,#824));
#205=EDGE_LOOP('',(#825,#826,#827,#828));
#206=EDGE_LOOP('',(#829,#830,#831,#832,#833));
#207=EDGE_LOOP('',(#834,#835,#836,#837));
#208=EDGE_LOOP('',(#838,#839,#840,#841,#842));
#209=EDGE_LOOP('',(#843,#844,#845,#846));
#210=EDGE_LOOP('',(#847,#848,#849,#850,#851));
#211=EDGE_LOOP('',(#852,#853,#854,#855,#856,#857,#858,#859));
#212=EDGE_LOOP('',(#860));
#213=EDGE_LOOP('',(#861));
#214=EDGE_LOOP('',(#862));
#215=EDGE_LOOP('',(#863));
#216=EDGE_LOOP('',(#864));
#217=LINE('',#1308,#268);
#218=LINE('',#1351,#269);
#219=LINE('',#1406,#270);
#220=LINE('',#1433,#271);
#221=LINE('',#1462,#272);
#222=LINE('',#1532,#273);
#223=LINE('',#1543,#274);
#224=LINE('',#1588,#275);
#225=LINE('',#1686,#276);
#226=LINE('',#1690,#277);
#227=LINE('',#1701,#278);
#228=LINE('',#1707,#279);
#229=LINE('',#1712,#280);
#230=LINE('',#1714,#281);
#231=LINE('',#1716,#282);
#232=LINE('',#1717,#283);
#233=LINE('',#1720,#284);
#234=LINE('',#1722,#285);
#235=LINE('',#1723,#286);
#236=LINE('',#1729,#287);
#237=LINE('',#1732,#288);
#238=LINE('',#1734,#289);
#239=LINE('',#1735,#290);
#240=LINE('',#1741,#291);
#241=LINE('',#1744,#292);
#242=LINE('',#1746,#293);
#243=LINE('',#1747,#294);
#244=LINE('',#1829,#295);
#245=LINE('',#1830,#296);
#246=LINE('',#1838,#297);
#247=LINE('',#1842,#298);
#248=LINE('',#1865,#299);
#249=LINE('',#1867,#300);
#250=LINE('',#1869,#301);
#251=LINE('',#1871,#302);
#252=LINE('',#1874,#303);
#253=LINE('',#1878,#304);
#254=LINE('',#1882,#305);
#255=LINE('',#1886,#306);
#256=LINE('',#1891,#307);
#257=LINE('',#1892,#308);
#258=LINE('',#1893,#309);
#259=LINE('',#1897,#310);
#260=LINE('',#1900,#311);
#261=LINE('',#1901,#312);
#262=LINE('',#1905,#313);
#263=LINE('',#1908,#314);
#264=LINE('',#1909,#315);
#265=LINE('',#1913,#316);
#266=LINE('',#1916,#317);
#267=LINE('',#1917,#318);
#268=VECTOR('',#1048,2.1);
#269=VECTOR('',#1061,1.67775831369861);
#270=VECTOR('',#1070,1.67775831369861);
#271=VECTOR('',#1085,1.25);
#272=VECTOR('',#1088,1.25);
#273=VECTOR('',#1091,1.67775831369861);
#274=VECTOR('',#1106,1.67775831369861);
#275=VECTOR('',#1125,9.79178497514121);
#276=VECTOR('',#1136,4.88615654168785);
#277=VECTOR('',#1139,10.);
#278=VECTOR('',#1142,10.);
#279=VECTOR('',#1149,1.65);
#280=VECTOR('',#1154,10.);
#281=VECTOR('',#1155,10.);
#282=VECTOR('',#1156,10.);
#283=VECTOR('',#1157,10.);
#284=VECTOR('',#1160,10.);
#285=VECTOR('',#1161,10.);
#286=VECTOR('',#1162,10.);
#287=VECTOR('',#1169,10.);
#288=VECTOR('',#1172,10.);
#289=VECTOR('',#1173,10.);
#290=VECTOR('',#1174,10.);
#291=VECTOR('',#1181,10.);
#292=VECTOR('',#1184,10.);
#293=VECTOR('',#1185,10.);
#294=VECTOR('',#1186,10.);
#295=VECTOR('',#1189,10.);
#296=VECTOR('',#1190,10.);
#297=VECTOR('',#1201,2.1);
#298=VECTOR('',#1206,4.5);
#299=VECTOR('',#1235,2.15);
#300=VECTOR('',#1238,2.15000000000001);
#301=VECTOR('',#1241,2.15000000000001);
#302=VECTOR('',#1244,2.15000000000001);
#303=VECTOR('',#1247,4.1);
#304=VECTOR('',#1252,4.1);
#305=VECTOR('',#1257,4.1);
#306=VECTOR('',#1262,4.1);
#307=VECTOR('',#1267,10.);
#308=VECTOR('',#1268,10.);
#309=VECTOR('',#1269,10.);
#310=VECTOR('',#1274,10.);
#311=VECTOR('',#1277,10.);
#312=VECTOR('',#1278,10.);
#313=VECTOR('',#1283,10.);
#314=VECTOR('',#1286,10.);
#315=VECTOR('',#1287,10.);
#316=VECTOR('',#1292,10.);
#317=VECTOR('',#1295,10.);
#318=VECTOR('',#1296,10.);
#319=CIRCLE('',#939,2.1);
#320=CIRCLE('',#940,2.1);
#321=CIRCLE('',#942,1.25);
#322=CIRCLE('',#953,2.15000000000001);
#323=CIRCLE('',#954,2.15000000000001);
#324=CIRCLE('',#956,1.25);
#325=CIRCLE('',#963,2.15);
#326=CIRCLE('',#964,2.15);
#327=CIRCLE('',#969,2.15000000000001);
#328=CIRCLE('',#970,2.15000000000001);
#329=CIRCLE('',#972,2.15000000000001);
#330=CIRCLE('',#973,2.15000000000001);
#331=CIRCLE('',#975,4.88615654168785);
#332=CIRCLE('',#976,4.88615654168785);
#333=CIRCLE('',#978,2.1);
#334=CIRCLE('',#980,4.88615654168785);
#335=CIRCLE('',#981,4.88615654168785);
#336=CIRCLE('',#982,4.88615654168785);
#337=CIRCLE('',#984,1.65);
#338=CIRCLE('',#985,1.65);
#339=CIRCLE('',#989,3.);
#340=CIRCLE('',#990,3.);
#341=CIRCLE('',#993,2.00000000000006);
#342=CIRCLE('',#994,2.00000000000006);
#343=CIRCLE('',#998,4.65);
#344=CIRCLE('',#1001,2.1);
#345=CIRCLE('',#1003,4.65);
#346=CIRCLE('',#1006,4.1);
#347=CIRCLE('',#1007,2.15000000000001);
#348=CIRCLE('',#1009,4.1);
#349=CIRCLE('',#1010,2.15000000000001);
#350=CIRCLE('',#1012,4.1);
#351=CIRCLE('',#1013,2.15000000000001);
#352=CIRCLE('',#1015,4.1);
#353=CIRCLE('',#1016,2.15);
#354=CIRCLE('',#1022,4.1);
#355=CIRCLE('',#1024,4.1);
#356=CIRCLE('',#1026,4.1);
#357=CIRCLE('',#1028,4.1);
#358=CIRCLE('',#1031,6.);
#359=CIRCLE('',#1034,6.);
#360=CIRCLE('',#1037,6.);
#361=CIRCLE('',#1040,5.99999999999999);
#362=VERTEX_POINT('',#1305);
#363=VERTEX_POINT('',#1307);
#364=VERTEX_POINT('',#1311);
#365=VERTEX_POINT('',#1314);
#366=VERTEX_POINT('',#1315);
#367=VERTEX_POINT('',#1317);
#368=VERTEX_POINT('',#1324);
#369=VERTEX_POINT('',#1331);
#370=VERTEX_POINT('',#1333);
#371=VERTEX_POINT('',#1350);
#372=VERTEX_POINT('',#1352);
#373=VERTEX_POINT('',#1372);
#374=VERTEX_POINT('',#1379);
#375=VERTEX_POINT('',#1386);
#376=VERTEX_POINT('',#1388);
#377=VERTEX_POINT('',#1405);
#378=VERTEX_POINT('',#1407);
#379=VERTEX_POINT('',#1427);
#380=VERTEX_POINT('',#1431);
#381=VERTEX_POINT('',#1434);
#382=VERTEX_POINT('',#1441);
#383=VERTEX_POINT('',#1448);
#384=VERTEX_POINT('',#1463);
#385=VERTEX_POINT('',#1480);
#386=VERTEX_POINT('',#1497);
#387=VERTEX_POINT('',#1531);
#388=VERTEX_POINT('',#1533);
#389=VERTEX_POINT('',#1538);
#390=VERTEX_POINT('',#1542);
#391=VERTEX_POINT('',#1544);
#392=VERTEX_POINT('',#1548);
#393=VERTEX_POINT('',#1552);
#394=VERTEX_POINT('',#1556);
#395=VERTEX_POINT('',#1557);
#396=VERTEX_POINT('',#1570);
#397=VERTEX_POINT('',#1574);
#398=VERTEX_POINT('',#1587);
#399=VERTEX_POINT('',#1589);
#400=VERTEX_POINT('',#1592);
#401=VERTEX_POINT('',#1605);
#402=VERTEX_POINT('',#1609);
#403=VERTEX_POINT('',#1622);
#404=VERTEX_POINT('',#1635);
#405=VERTEX_POINT('',#1639);
#406=VERTEX_POINT('',#1652);
#407=VERTEX_POINT('',#1665);
#408=VERTEX_POINT('',#1682);
#409=VERTEX_POINT('',#1685);
#410=VERTEX_POINT('',#1687);
#411=VERTEX_POINT('',#1689);
#412=VERTEX_POINT('',#1691);
#413=VERTEX_POINT('',#1698);
#414=VERTEX_POINT('',#1700);
#415=VERTEX_POINT('',#1704);
#416=VERTEX_POINT('',#1706);
#417=VERTEX_POINT('',#1710);
#418=VERTEX_POINT('',#1711);
#419=VERTEX_POINT('',#1713);
#420=VERTEX_POINT('',#1715);
#421=VERTEX_POINT('',#1719);
#422=VERTEX_POINT('',#1721);
#423=VERTEX_POINT('',#1725);
#424=VERTEX_POINT('',#1727);
#425=VERTEX_POINT('',#1731);
#426=VERTEX_POINT('',#1733);
#427=VERTEX_POINT('',#1737);
#428=VERTEX_POINT('',#1739);
#429=VERTEX_POINT('',#1743);
#430=VERTEX_POINT('',#1745);
#431=VERTEX_POINT('',#1832);
#432=VERTEX_POINT('',#1836);
#433=VERTEX_POINT('',#1840);
#434=VERTEX_POINT('',#1845);
#435=VERTEX_POINT('',#1847);
#436=VERTEX_POINT('',#1850);
#437=VERTEX_POINT('',#1852);
#438=VERTEX_POINT('',#1855);
#439=VERTEX_POINT('',#1857);
#440=VERTEX_POINT('',#1860);
#441=VERTEX_POINT('',#1862);
#442=VERTEX_POINT('',#1873);
#443=VERTEX_POINT('',#1877);
#444=VERTEX_POINT('',#1881);
#445=VERTEX_POINT('',#1885);
#446=VERTEX_POINT('',#1889);
#447=VERTEX_POINT('',#1890);
#448=VERTEX_POINT('',#1895);
#449=VERTEX_POINT('',#1899);
#450=VERTEX_POINT('',#1903);
#451=VERTEX_POINT('',#1907);
#452=VERTEX_POINT('',#1911);
#453=VERTEX_POINT('',#1915);
#454=EDGE_CURVE('',#362,#362,#319,.T.);
#455=EDGE_CURVE('',#362,#363,#217,.T.);
#456=EDGE_CURVE('',#363,#363,#320,.T.);
#457=EDGE_CURVE('',#364,#364,#321,.T.);
#458=EDGE_CURVE('',#365,#366,#47,.T.);
#459=EDGE_CURVE('',#367,#365,#20,.T.);
#460=EDGE_CURVE('',#368,#367,#21,.T.);
#461=EDGE_CURVE('',#369,#368,#48,.T.);
#462=EDGE_CURVE('',#370,#369,#22,.T.);
#463=EDGE_CURVE('',#370,#371,#218,.T.);
#464=EDGE_CURVE('',#372,#371,#49,.T.);
#465=EDGE_CURVE('',#371,#372,#50,.T.);
#466=EDGE_CURVE('',#366,#370,#23,.T.);
#467=EDGE_CURVE('',#373,#368,#24,.T.);
#468=EDGE_CURVE('',#374,#373,#25,.T.);
#469=EDGE_CURVE('',#374,#375,#51,.T.);
#470=EDGE_CURVE('',#376,#375,#26,.T.);
#471=EDGE_CURVE('',#376,#377,#219,.T.);
#472=EDGE_CURVE('',#378,#377,#52,.T.);
#473=EDGE_CURVE('',#377,#378,#53,.T.);
#474=EDGE_CURVE('',#369,#376,#27,.T.);
#475=EDGE_CURVE('',#372,#379,#322,.T.);
#476=EDGE_CURVE('',#379,#372,#323,.T.);
#477=EDGE_CURVE('',#380,#380,#324,.T.);
#478=EDGE_CURVE('',#380,#374,#220,.T.);
#479=EDGE_CURVE('',#365,#381,#28,.T.);
#480=EDGE_CURVE('',#381,#382,#29,.T.);
#481=EDGE_CURVE('',#382,#383,#30,.T.);
#482=EDGE_CURVE('',#383,#374,#31,.T.);
#483=EDGE_CURVE('',#375,#364,#221,.T.);
#484=EDGE_CURVE('',#375,#384,#32,.T.);
#485=EDGE_CURVE('',#384,#385,#33,.T.);
#486=EDGE_CURVE('',#385,#386,#34,.T.);
#487=EDGE_CURVE('',#386,#366,#35,.T.);
#488=EDGE_CURVE('',#386,#387,#222,.T.);
#489=EDGE_CURVE('',#388,#387,#54,.T.);
#490=EDGE_CURVE('',#387,#388,#55,.T.);
#491=EDGE_CURVE('',#382,#385,#56,.T.);
#492=EDGE_CURVE('',#388,#389,#325,.T.);
#493=EDGE_CURVE('',#389,#388,#326,.T.);
#494=EDGE_CURVE('',#384,#390,#223,.T.);
#495=EDGE_CURVE('',#391,#390,#57,.T.);
#496=EDGE_CURVE('',#390,#391,#58,.T.);
#497=EDGE_CURVE('',#391,#392,#327,.T.);
#498=EDGE_CURVE('',#392,#391,#328,.T.);
#499=EDGE_CURVE('',#378,#393,#329,.T.);
#500=EDGE_CURVE('',#393,#378,#330,.T.);
#501=EDGE_CURVE('',#394,#395,#36,.T.);
#502=EDGE_CURVE('',#395,#396,#16,.T.);
#503=EDGE_CURVE('',#396,#397,#37,.T.);
#504=EDGE_CURVE('',#397,#398,#224,.T.);
#505=EDGE_CURVE('',#398,#399,#331,.T.);
#506=EDGE_CURVE('',#399,#398,#332,.T.);
#507=EDGE_CURVE('',#397,#400,#38,.T.);
#508=EDGE_CURVE('',#400,#401,#17,.T.);
#509=EDGE_CURVE('',#401,#402,#39,.T.);
#510=EDGE_CURVE('',#402,#403,#40,.T.);
#511=EDGE_CURVE('',#403,#404,#18,.T.);
#512=EDGE_CURVE('',#404,#405,#41,.T.);
#513=EDGE_CURVE('',#405,#406,#42,.T.);
#514=EDGE_CURVE('',#406,#407,#19,.T.);
#515=EDGE_CURVE('',#407,#394,#43,.T.);
#516=EDGE_CURVE('',#408,#408,#333,.T.);
#517=EDGE_CURVE('',#399,#409,#225,.T.);
#518=EDGE_CURVE('',#409,#410,#334,.T.);
#519=EDGE_CURVE('',#410,#411,#226,.T.);
#520=EDGE_CURVE('',#411,#412,#44,.T.);
#521=EDGE_CURVE('',#413,#412,#335,.T.);
#522=EDGE_CURVE('',#414,#413,#227,.T.);
#523=EDGE_CURVE('',#414,#409,#336,.T.);
#524=EDGE_CURVE('',#415,#415,#337,.T.);
#525=EDGE_CURVE('',#415,#416,#228,.T.);
#526=EDGE_CURVE('',#416,#416,#338,.T.);
#527=EDGE_CURVE('',#417,#418,#229,.T.);
#528=EDGE_CURVE('',#417,#419,#230,.T.);
#529=EDGE_CURVE('',#420,#419,#231,.T.);
#530=EDGE_CURVE('',#418,#420,#232,.T.);
#531=EDGE_CURVE('',#418,#421,#233,.T.);
#532=EDGE_CURVE('',#422,#420,#234,.T.);
#533=EDGE_CURVE('',#421,#422,#235,.T.);
#534=EDGE_CURVE('',#421,#423,#339,.T.);
#535=EDGE_CURVE('',#424,#422,#340,.T.);
#536=EDGE_CURVE('',#423,#424,#236,.T.);
#537=EDGE_CURVE('',#423,#425,#237,.T.);
#538=EDGE_CURVE('',#426,#424,#238,.T.);
#539=EDGE_CURVE('',#425,#426,#239,.T.);
#540=EDGE_CURVE('',#425,#427,#341,.T.);
#541=EDGE_CURVE('',#428,#426,#342,.T.);
#542=EDGE_CURVE('',#427,#428,#240,.T.);
#543=EDGE_CURVE('',#427,#429,#241,.T.);
#544=EDGE_CURVE('',#430,#428,#242,.T.);
#545=EDGE_CURVE('',#429,#430,#243,.T.);
#546=EDGE_CURVE('',#429,#410,#45,.T.);
#547=EDGE_CURVE('',#412,#430,#46,.T.);
#548=EDGE_CURVE('',#419,#413,#244,.T.);
#549=EDGE_CURVE('',#414,#417,#245,.T.);
#550=EDGE_CURVE('',#431,#431,#343,.F.);
#551=EDGE_CURVE('',#432,#432,#344,.T.);
#552=EDGE_CURVE('',#432,#408,#246,.T.);
#553=EDGE_CURVE('',#433,#433,#345,.F.);
#554=EDGE_CURVE('',#433,#431,#247,.T.);
#555=EDGE_CURVE('',#434,#434,#346,.T.);
#556=EDGE_CURVE('',#435,#435,#347,.T.);
#557=EDGE_CURVE('',#436,#436,#348,.T.);
#558=EDGE_CURVE('',#437,#437,#349,.T.);
#559=EDGE_CURVE('',#438,#438,#350,.T.);
#560=EDGE_CURVE('',#439,#439,#351,.T.);
#561=EDGE_CURVE('',#440,#440,#352,.T.);
#562=EDGE_CURVE('',#441,#441,#353,.T.);
#563=EDGE_CURVE('',#389,#441,#248,.T.);
#564=EDGE_CURVE('',#379,#435,#249,.T.);
#565=EDGE_CURVE('',#393,#437,#250,.T.);
#566=EDGE_CURVE('',#392,#439,#251,.T.);
#567=EDGE_CURVE('',#440,#442,#252,.T.);
#568=EDGE_CURVE('',#442,#442,#354,.T.);
#569=EDGE_CURVE('',#438,#443,#253,.T.);
#570=EDGE_CURVE('',#443,#443,#355,.T.);
#571=EDGE_CURVE('',#436,#444,#254,.T.);
#572=EDGE_CURVE('',#444,#444,#356,.T.);
#573=EDGE_CURVE('',#434,#445,#255,.T.);
#574=EDGE_CURVE('',#445,#445,#357,.T.);
#575=EDGE_CURVE('',#446,#447,#256,.T.);
#576=EDGE_CURVE('',#447,#407,#257,.T.);
#577=EDGE_CURVE('',#446,#406,#258,.T.);
#578=EDGE_CURVE('',#446,#448,#358,.T.);
#579=EDGE_CURVE('',#448,#404,#259,.T.);
#580=EDGE_CURVE('',#449,#448,#260,.T.);
#581=EDGE_CURVE('',#449,#403,#261,.T.);
#582=EDGE_CURVE('',#449,#450,#359,.T.);
#583=EDGE_CURVE('',#450,#401,#262,.T.);
#584=EDGE_CURVE('',#451,#450,#263,.T.);
#585=EDGE_CURVE('',#451,#400,#264,.T.);
#586=EDGE_CURVE('',#451,#452,#360,.T.);
#587=EDGE_CURVE('',#452,#396,#265,.T.);
#588=EDGE_CURVE('',#453,#452,#266,.T.);
#589=EDGE_CURVE('',#453,#395,#267,.T.);
#590=EDGE_CURVE('',#453,#447,#361,.T.);
#591=ORIENTED_EDGE('',*,*,#454,.F.);
#592=ORIENTED_EDGE('',*,*,#455,.T.);
#593=ORIENTED_EDGE('',*,*,#456,.T.);
#594=ORIENTED_EDGE('',*,*,#455,.F.);
#595=ORIENTED_EDGE('',*,*,#456,.F.);
#596=ORIENTED_EDGE('',*,*,#457,.F.);
#597=ORIENTED_EDGE('',*,*,#458,.F.);
#598=ORIENTED_EDGE('',*,*,#459,.F.);
#599=ORIENTED_EDGE('',*,*,#460,.F.);
#600=ORIENTED_EDGE('',*,*,#461,.F.);
#601=ORIENTED_EDGE('',*,*,#462,.F.);
#602=ORIENTED_EDGE('',*,*,#463,.T.);
#603=ORIENTED_EDGE('',*,*,#464,.F.);
#604=ORIENTED_EDGE('',*,*,#465,.F.);
#605=ORIENTED_EDGE('',*,*,#463,.F.);
#606=ORIENTED_EDGE('',*,*,#466,.F.);
#607=ORIENTED_EDGE('',*,*,#461,.T.);
#608=ORIENTED_EDGE('',*,*,#467,.F.);
#609=ORIENTED_EDGE('',*,*,#468,.F.);
#610=ORIENTED_EDGE('',*,*,#469,.T.);
#611=ORIENTED_EDGE('',*,*,#470,.F.);
#612=ORIENTED_EDGE('',*,*,#471,.T.);
#613=ORIENTED_EDGE('',*,*,#472,.F.);
#614=ORIENTED_EDGE('',*,*,#473,.F.);
#615=ORIENTED_EDGE('',*,*,#471,.F.);
#616=ORIENTED_EDGE('',*,*,#474,.F.);
#617=ORIENTED_EDGE('',*,*,#475,.T.);
#618=ORIENTED_EDGE('',*,*,#476,.T.);
#619=ORIENTED_EDGE('',*,*,#464,.T.);
#620=ORIENTED_EDGE('',*,*,#465,.T.);
#621=ORIENTED_EDGE('',*,*,#477,.T.);
#622=ORIENTED_EDGE('',*,*,#478,.T.);
#623=ORIENTED_EDGE('',*,*,#468,.T.);
#624=ORIENTED_EDGE('',*,*,#467,.T.);
#625=ORIENTED_EDGE('',*,*,#460,.T.);
#626=ORIENTED_EDGE('',*,*,#459,.T.);
#627=ORIENTED_EDGE('',*,*,#479,.T.);
#628=ORIENTED_EDGE('',*,*,#480,.T.);
#629=ORIENTED_EDGE('',*,*,#481,.T.);
#630=ORIENTED_EDGE('',*,*,#482,.T.);
#631=ORIENTED_EDGE('',*,*,#478,.F.);
#632=ORIENTED_EDGE('',*,*,#466,.T.);
#633=ORIENTED_EDGE('',*,*,#462,.T.);
#634=ORIENTED_EDGE('',*,*,#474,.T.);
#635=ORIENTED_EDGE('',*,*,#470,.T.);
#636=ORIENTED_EDGE('',*,*,#483,.T.);
#637=ORIENTED_EDGE('',*,*,#457,.T.);
#638=ORIENTED_EDGE('',*,*,#483,.F.);
#639=ORIENTED_EDGE('',*,*,#484,.T.);
#640=ORIENTED_EDGE('',*,*,#485,.T.);
#641=ORIENTED_EDGE('',*,*,#486,.T.);
#642=ORIENTED_EDGE('',*,*,#487,.T.);
#643=ORIENTED_EDGE('',*,*,#458,.T.);
#644=ORIENTED_EDGE('',*,*,#487,.F.);
#645=ORIENTED_EDGE('',*,*,#488,.T.);
#646=ORIENTED_EDGE('',*,*,#489,.F.);
#647=ORIENTED_EDGE('',*,*,#490,.F.);
#648=ORIENTED_EDGE('',*,*,#488,.F.);
#649=ORIENTED_EDGE('',*,*,#486,.F.);
#650=ORIENTED_EDGE('',*,*,#491,.F.);
#651=ORIENTED_EDGE('',*,*,#480,.F.);
#652=ORIENTED_EDGE('',*,*,#479,.F.);
#653=ORIENTED_EDGE('',*,*,#492,.T.);
#654=ORIENTED_EDGE('',*,*,#493,.T.);
#655=ORIENTED_EDGE('',*,*,#489,.T.);
#656=ORIENTED_EDGE('',*,*,#490,.T.);
#657=ORIENTED_EDGE('',*,*,#491,.T.);
#658=ORIENTED_EDGE('',*,*,#485,.F.);
#659=ORIENTED_EDGE('',*,*,#494,.T.);
#660=ORIENTED_EDGE('',*,*,#495,.F.);
#661=ORIENTED_EDGE('',*,*,#496,.F.);
#662=ORIENTED_EDGE('',*,*,#494,.F.);
#663=ORIENTED_EDGE('',*,*,#484,.F.);
#664=ORIENTED_EDGE('',*,*,#469,.F.);
#665=ORIENTED_EDGE('',*,*,#482,.F.);
#666=ORIENTED_EDGE('',*,*,#481,.F.);
#667=ORIENTED_EDGE('',*,*,#497,.T.);
#668=ORIENTED_EDGE('',*,*,#498,.T.);
#669=ORIENTED_EDGE('',*,*,#495,.T.);
#670=ORIENTED_EDGE('',*,*,#496,.T.);
#671=ORIENTED_EDGE('',*,*,#499,.T.);
#672=ORIENTED_EDGE('',*,*,#500,.T.);
#673=ORIENTED_EDGE('',*,*,#472,.T.);
#674=ORIENTED_EDGE('',*,*,#473,.T.);
#675=ORIENTED_EDGE('',*,*,#501,.T.);
#676=ORIENTED_EDGE('',*,*,#502,.T.);
#677=ORIENTED_EDGE('',*,*,#503,.T.);
#678=ORIENTED_EDGE('',*,*,#504,.T.);
#679=ORIENTED_EDGE('',*,*,#505,.T.);
#680=ORIENTED_EDGE('',*,*,#506,.T.);
#681=ORIENTED_EDGE('',*,*,#504,.F.);
#682=ORIENTED_EDGE('',*,*,#507,.T.);
#683=ORIENTED_EDGE('',*,*,#508,.T.);
#684=ORIENTED_EDGE('',*,*,#509,.T.);
#685=ORIENTED_EDGE('',*,*,#510,.T.);
#686=ORIENTED_EDGE('',*,*,#511,.T.);
#687=ORIENTED_EDGE('',*,*,#512,.T.);
#688=ORIENTED_EDGE('',*,*,#513,.T.);
#689=ORIENTED_EDGE('',*,*,#514,.T.);
#690=ORIENTED_EDGE('',*,*,#515,.T.);
#691=ORIENTED_EDGE('',*,*,#516,.F.);
#692=ORIENTED_EDGE('',*,*,#477,.F.);
#693=ORIENTED_EDGE('',*,*,#505,.F.);
#694=ORIENTED_EDGE('',*,*,#506,.F.);
#695=ORIENTED_EDGE('',*,*,#517,.T.);
#696=ORIENTED_EDGE('',*,*,#518,.T.);
#697=ORIENTED_EDGE('',*,*,#519,.T.);
#698=ORIENTED_EDGE('',*,*,#520,.T.);
#699=ORIENTED_EDGE('',*,*,#521,.F.);
#700=ORIENTED_EDGE('',*,*,#522,.F.);
#701=ORIENTED_EDGE('',*,*,#523,.T.);
#702=ORIENTED_EDGE('',*,*,#517,.F.);
#703=ORIENTED_EDGE('',*,*,#524,.F.);
#704=ORIENTED_EDGE('',*,*,#525,.T.);
#705=ORIENTED_EDGE('',*,*,#526,.F.);
#706=ORIENTED_EDGE('',*,*,#525,.F.);
#707=ORIENTED_EDGE('',*,*,#527,.F.);
#708=ORIENTED_EDGE('',*,*,#528,.T.);
#709=ORIENTED_EDGE('',*,*,#529,.F.);
#710=ORIENTED_EDGE('',*,*,#530,.F.);
#711=ORIENTED_EDGE('',*,*,#531,.F.);
#712=ORIENTED_EDGE('',*,*,#530,.T.);
#713=ORIENTED_EDGE('',*,*,#532,.F.);
#714=ORIENTED_EDGE('',*,*,#533,.F.);
#715=ORIENTED_EDGE('',*,*,#534,.F.);
#716=ORIENTED_EDGE('',*,*,#533,.T.);
#717=ORIENTED_EDGE('',*,*,#535,.F.);
#718=ORIENTED_EDGE('',*,*,#536,.F.);
#719=ORIENTED_EDGE('',*,*,#537,.F.);
#720=ORIENTED_EDGE('',*,*,#536,.T.);
#721=ORIENTED_EDGE('',*,*,#538,.F.);
#722=ORIENTED_EDGE('',*,*,#539,.F.);
#723=ORIENTED_EDGE('',*,*,#540,.F.);
#724=ORIENTED_EDGE('',*,*,#539,.T.);
#725=ORIENTED_EDGE('',*,*,#541,.F.);
#726=ORIENTED_EDGE('',*,*,#542,.F.);
#727=ORIENTED_EDGE('',*,*,#543,.F.);
#728=ORIENTED_EDGE('',*,*,#542,.T.);
#729=ORIENTED_EDGE('',*,*,#544,.F.);
#730=ORIENTED_EDGE('',*,*,#545,.F.);
#731=ORIENTED_EDGE('',*,*,#546,.F.);
#732=ORIENTED_EDGE('',*,*,#545,.T.);
#733=ORIENTED_EDGE('',*,*,#547,.F.);
#734=ORIENTED_EDGE('',*,*,#520,.F.);
#735=ORIENTED_EDGE('',*,*,#519,.F.);
#736=ORIENTED_EDGE('',*,*,#522,.T.);
#737=ORIENTED_EDGE('',*,*,#548,.F.);
#738=ORIENTED_EDGE('',*,*,#528,.F.);
#739=ORIENTED_EDGE('',*,*,#549,.F.);
#740=ORIENTED_EDGE('',*,*,#549,.T.);
#741=ORIENTED_EDGE('',*,*,#527,.T.);
#742=ORIENTED_EDGE('',*,*,#531,.T.);
#743=ORIENTED_EDGE('',*,*,#534,.T.);
#744=ORIENTED_EDGE('',*,*,#537,.T.);
#745=ORIENTED_EDGE('',*,*,#540,.T.);
#746=ORIENTED_EDGE('',*,*,#543,.T.);
#747=ORIENTED_EDGE('',*,*,#546,.T.);
#748=ORIENTED_EDGE('',*,*,#518,.F.);
#749=ORIENTED_EDGE('',*,*,#523,.F.);
#750=ORIENTED_EDGE('',*,*,#550,.F.);
#751=ORIENTED_EDGE('',*,*,#526,.T.);
#752=ORIENTED_EDGE('',*,*,#521,.T.);
#753=ORIENTED_EDGE('',*,*,#547,.T.);
#754=ORIENTED_EDGE('',*,*,#544,.T.);
#755=ORIENTED_EDGE('',*,*,#541,.T.);
#756=ORIENTED_EDGE('',*,*,#538,.T.);
#757=ORIENTED_EDGE('',*,*,#535,.T.);
#758=ORIENTED_EDGE('',*,*,#532,.T.);
#759=ORIENTED_EDGE('',*,*,#529,.T.);
#760=ORIENTED_EDGE('',*,*,#548,.T.);
#761=ORIENTED_EDGE('',*,*,#524,.T.);
#762=ORIENTED_EDGE('',*,*,#551,.F.);
#763=ORIENTED_EDGE('',*,*,#552,.T.);
#764=ORIENTED_EDGE('',*,*,#516,.T.);
#765=ORIENTED_EDGE('',*,*,#552,.F.);
#766=ORIENTED_EDGE('',*,*,#553,.F.);
#767=ORIENTED_EDGE('',*,*,#554,.T.);
#768=ORIENTED_EDGE('',*,*,#550,.T.);
#769=ORIENTED_EDGE('',*,*,#554,.F.);
#770=ORIENTED_EDGE('',*,*,#553,.T.);
#771=ORIENTED_EDGE('',*,*,#551,.T.);
#772=ORIENTED_EDGE('',*,*,#555,.T.);
#773=ORIENTED_EDGE('',*,*,#556,.T.);
#774=ORIENTED_EDGE('',*,*,#557,.T.);
#775=ORIENTED_EDGE('',*,*,#558,.T.);
#776=ORIENTED_EDGE('',*,*,#559,.T.);
#777=ORIENTED_EDGE('',*,*,#560,.T.);
#778=ORIENTED_EDGE('',*,*,#561,.T.);
#779=ORIENTED_EDGE('',*,*,#562,.T.);
#780=ORIENTED_EDGE('',*,*,#492,.F.);
#781=ORIENTED_EDGE('',*,*,#493,.F.);
#782=ORIENTED_EDGE('',*,*,#563,.T.);
#783=ORIENTED_EDGE('',*,*,#562,.F.);
#784=ORIENTED_EDGE('',*,*,#563,.F.);
#785=ORIENTED_EDGE('',*,*,#475,.F.);
#786=ORIENTED_EDGE('',*,*,#476,.F.);
#787=ORIENTED_EDGE('',*,*,#564,.T.);
#788=ORIENTED_EDGE('',*,*,#556,.F.);
#789=ORIENTED_EDGE('',*,*,#564,.F.);
#790=ORIENTED_EDGE('',*,*,#499,.F.);
#791=ORIENTED_EDGE('',*,*,#500,.F.);
#792=ORIENTED_EDGE('',*,*,#565,.T.);
#793=ORIENTED_EDGE('',*,*,#558,.F.);
#794=ORIENTED_EDGE('',*,*,#565,.F.);
#795=ORIENTED_EDGE('',*,*,#497,.F.);
#796=ORIENTED_EDGE('',*,*,#498,.F.);
#797=ORIENTED_EDGE('',*,*,#566,.T.);
#798=ORIENTED_EDGE('',*,*,#560,.F.);
#799=ORIENTED_EDGE('',*,*,#566,.F.);
#800=ORIENTED_EDGE('',*,*,#561,.F.);
#801=ORIENTED_EDGE('',*,*,#567,.T.);
#802=ORIENTED_EDGE('',*,*,#568,.F.);
#803=ORIENTED_EDGE('',*,*,#567,.F.);
#804=ORIENTED_EDGE('',*,*,#559,.F.);
#805=ORIENTED_EDGE('',*,*,#569,.T.);
#806=ORIENTED_EDGE('',*,*,#570,.F.);
#807=ORIENTED_EDGE('',*,*,#569,.F.);
#808=ORIENTED_EDGE('',*,*,#557,.F.);
#809=ORIENTED_EDGE('',*,*,#571,.T.);
#810=ORIENTED_EDGE('',*,*,#572,.F.);
#811=ORIENTED_EDGE('',*,*,#571,.F.);
#812=ORIENTED_EDGE('',*,*,#555,.F.);
#813=ORIENTED_EDGE('',*,*,#573,.T.);
#814=ORIENTED_EDGE('',*,*,#574,.F.);
#815=ORIENTED_EDGE('',*,*,#573,.F.);
#816=ORIENTED_EDGE('',*,*,#575,.T.);
#817=ORIENTED_EDGE('',*,*,#576,.T.);
#818=ORIENTED_EDGE('',*,*,#514,.F.);
#819=ORIENTED_EDGE('',*,*,#577,.F.);
#820=ORIENTED_EDGE('',*,*,#578,.F.);
#821=ORIENTED_EDGE('',*,*,#577,.T.);
#822=ORIENTED_EDGE('',*,*,#513,.F.);
#823=ORIENTED_EDGE('',*,*,#512,.F.);
#824=ORIENTED_EDGE('',*,*,#579,.F.);
#825=ORIENTED_EDGE('',*,*,#580,.T.);
#826=ORIENTED_EDGE('',*,*,#579,.T.);
#827=ORIENTED_EDGE('',*,*,#511,.F.);
#828=ORIENTED_EDGE('',*,*,#581,.F.);
#829=ORIENTED_EDGE('',*,*,#582,.F.);
#830=ORIENTED_EDGE('',*,*,#581,.T.);
#831=ORIENTED_EDGE('',*,*,#510,.F.);
#832=ORIENTED_EDGE('',*,*,#509,.F.);
#833=ORIENTED_EDGE('',*,*,#583,.F.);
#834=ORIENTED_EDGE('',*,*,#584,.T.);
#835=ORIENTED_EDGE('',*,*,#583,.T.);
#836=ORIENTED_EDGE('',*,*,#508,.F.);
#837=ORIENTED_EDGE('',*,*,#585,.F.);
#838=ORIENTED_EDGE('',*,*,#586,.F.);
#839=ORIENTED_EDGE('',*,*,#585,.T.);
#840=ORIENTED_EDGE('',*,*,#507,.F.);
#841=ORIENTED_EDGE('',*,*,#503,.F.);
#842=ORIENTED_EDGE('',*,*,#587,.F.);
#843=ORIENTED_EDGE('',*,*,#588,.T.);
#844=ORIENTED_EDGE('',*,*,#587,.T.);
#845=ORIENTED_EDGE('',*,*,#502,.F.);
#846=ORIENTED_EDGE('',*,*,#589,.F.);
#847=ORIENTED_EDGE('',*,*,#590,.F.);
#848=ORIENTED_EDGE('',*,*,#589,.T.);
#849=ORIENTED_EDGE('',*,*,#501,.F.);
#850=ORIENTED_EDGE('',*,*,#515,.F.);
#851=ORIENTED_EDGE('',*,*,#576,.F.);
#852=ORIENTED_EDGE('',*,*,#590,.T.);
#853=ORIENTED_EDGE('',*,*,#575,.F.);
#854=ORIENTED_EDGE('',*,*,#578,.T.);
#855=ORIENTED_EDGE('',*,*,#580,.F.);
#856=ORIENTED_EDGE('',*,*,#582,.T.);
#857=ORIENTED_EDGE('',*,*,#584,.F.);
#858=ORIENTED_EDGE('',*,*,#586,.T.);
#859=ORIENTED_EDGE('',*,*,#588,.F.);
#860=ORIENTED_EDGE('',*,*,#454,.T.);
#861=ORIENTED_EDGE('',*,*,#574,.T.);
#862=ORIENTED_EDGE('',*,*,#572,.T.);
#863=ORIENTED_EDGE('',*,*,#570,.T.);
#864=ORIENTED_EDGE('',*,*,#568,.T.);
#865=CYLINDRICAL_SURFACE('',#938,2.1);
#866=CYLINDRICAL_SURFACE('',#955,1.25);
#867=CYLINDRICAL_SURFACE('',#957,1.25);
#868=CYLINDRICAL_SURFACE('',#979,4.88615654168785);
#869=CYLINDRICAL_SURFACE('',#983,1.65);
#870=CYLINDRICAL_SURFACE('',#988,3.);
#871=CYLINDRICAL_SURFACE('',#992,2.00000000000006);
#872=CYLINDRICAL_SURFACE('',#1000,2.1);
#873=CYLINDRICAL_SURFACE('',#1002,4.65);
#874=CYLINDRICAL_SURFACE('',#1017,2.15);
#875=CYLINDRICAL_SURFACE('',#1018,2.15000000000001);
#876=CYLINDRICAL_SURFACE('',#1019,2.15000000000001);
#877=CYLINDRICAL_SURFACE('',#1020,2.15000000000001);
#878=CYLINDRICAL_SURFACE('',#1021,4.1);
#879=CYLINDRICAL_SURFACE('',#1023,4.1);
#880=CYLINDRICAL_SURFACE('',#1025,4.1);
#881=CYLINDRICAL_SURFACE('',#1027,4.1);
#882=CYLINDRICAL_SURFACE('',#1030,6.);
#883=CYLINDRICAL_SURFACE('',#1033,6.);
#884=CYLINDRICAL_SURFACE('',#1036,6.);
#885=CYLINDRICAL_SURFACE('',#1039,5.99999999999999);
#886=ADVANCED_FACE('',(#102),#865,.F.);
#887=ADVANCED_FACE('',(#103,#64),#79,.T.);
#888=ADVANCED_FACE('',(#104),#59,.F.);
#889=ADVANCED_FACE('',(#105),#60,.F.);
#890=ADVANCED_FACE('',(#106),#80,.T.);
#891=ADVANCED_FACE('',(#107),#866,.F.);
#892=ADVANCED_FACE('',(#108),#867,.F.);
#893=ADVANCED_FACE('',(#109),#61,.F.);
#894=ADVANCED_FACE('',(#110),#81,.T.);
#895=ADVANCED_FACE('',(#111),#62,.F.);
#896=ADVANCED_FACE('',(#112),#82,.T.);
#897=ADVANCED_FACE('',(#113),#83,.T.);
#898=ADVANCED_FACE('',(#114),#63,.T.);
#899=ADVANCED_FACE('',(#115,#65),#84,.F.);
#900=ADVANCED_FACE('',(#116),#868,.T.);
#901=ADVANCED_FACE('',(#117),#869,.F.);
#902=ADVANCED_FACE('',(#118),#85,.T.);
#903=ADVANCED_FACE('',(#119),#86,.T.);
#904=ADVANCED_FACE('',(#120),#870,.T.);
#905=ADVANCED_FACE('',(#121),#87,.T.);
#906=ADVANCED_FACE('',(#122),#871,.T.);
#907=ADVANCED_FACE('',(#123),#88,.T.);
#908=ADVANCED_FACE('',(#124),#15,.T.);
#909=ADVANCED_FACE('',(#125),#89,.T.);
#910=ADVANCED_FACE('',(#126,#66,#67),#90,.T.);
#911=ADVANCED_FACE('',(#127,#68),#91,.F.);
#912=ADVANCED_FACE('',(#128),#872,.F.);
#913=ADVANCED_FACE('',(#129),#873,.T.);
#914=ADVANCED_FACE('',(#130,#69),#92,.T.);
#915=ADVANCED_FACE('',(#131,#70),#93,.F.);
#916=ADVANCED_FACE('',(#132,#71),#94,.F.);
#917=ADVANCED_FACE('',(#133,#72),#95,.F.);
#918=ADVANCED_FACE('',(#134,#73),#96,.F.);
#919=ADVANCED_FACE('',(#135),#874,.F.);
#920=ADVANCED_FACE('',(#136),#875,.F.);
#921=ADVANCED_FACE('',(#137),#876,.F.);
#922=ADVANCED_FACE('',(#138),#877,.F.);
#923=ADVANCED_FACE('',(#139),#878,.F.);
#924=ADVANCED_FACE('',(#140),#879,.F.);
#925=ADVANCED_FACE('',(#141),#880,.F.);
#926=ADVANCED_FACE('',(#142),#881,.F.);
#927=ADVANCED_FACE('',(#143),#97,.T.);
#928=ADVANCED_FACE('',(#144),#882,.T.);
#929=ADVANCED_FACE('',(#145),#98,.T.);
#930=ADVANCED_FACE('',(#146),#883,.T.);
#931=ADVANCED_FACE('',(#147),#99,.T.);
#932=ADVANCED_FACE('',(#148),#884,.T.);
#933=ADVANCED_FACE('',(#149),#100,.T.);
#934=ADVANCED_FACE('',(#150),#885,.T.);
#935=ADVANCED_FACE('',(#151,#74,#75,#76,#77,#78),#101,.T.);
#936=CLOSED_SHELL('',(#886,#887,#888,#889,#890,#891,#892,#893,#894,#895,
#896,#897,#898,#899,#900,#901,#902,#903,#904,#905,#906,#907,#908,#909,#910,
#911,#912,#913,#914,#915,#916,#917,#918,#919,#920,#921,#922,#923,#924,#925,
#926,#927,#928,#929,#930,#931,#932,#933,#934,#935));
#937=AXIS2_PLACEMENT_3D('',#1303,#1042,#1043);
#938=AXIS2_PLACEMENT_3D('',#1304,#1044,#1045);
#939=AXIS2_PLACEMENT_3D('',#1306,#1046,#1047);
#940=AXIS2_PLACEMENT_3D('',#1309,#1049,#1050);
#941=AXIS2_PLACEMENT_3D('',#1310,#1051,#1052);
#942=AXIS2_PLACEMENT_3D('',#1312,#1053,#1054);
#943=AXIS2_PLACEMENT_3D('',#1313,#1055,#1056);
#944=AXIS2_PLACEMENT_3D('',#1316,#1057,#1058);
#945=AXIS2_PLACEMENT_3D('',#1332,#1059,#1060);
#946=AXIS2_PLACEMENT_3D('',#1353,#1062,#1063);
#947=AXIS2_PLACEMENT_3D('',#1354,#1064,#1065);
#948=AXIS2_PLACEMENT_3D('',#1371,#1066,#1067);
#949=AXIS2_PLACEMENT_3D('',#1387,#1068,#1069);
#950=AXIS2_PLACEMENT_3D('',#1408,#1071,#1072);
#951=AXIS2_PLACEMENT_3D('',#1409,#1073,#1074);
#952=AXIS2_PLACEMENT_3D('',#1426,#1075,#1076);
#953=AXIS2_PLACEMENT_3D('',#1428,#1077,#1078);
#954=AXIS2_PLACEMENT_3D('',#1429,#1079,#1080);
#955=AXIS2_PLACEMENT_3D('',#1430,#1081,#1082);
#956=AXIS2_PLACEMENT_3D('',#1432,#1083,#1084);
#957=AXIS2_PLACEMENT_3D('',#1461,#1086,#1087);
#958=AXIS2_PLACEMENT_3D('',#1530,#1089,#1090);
#959=AXIS2_PLACEMENT_3D('',#1534,#1092,#1093);
#960=AXIS2_PLACEMENT_3D('',#1535,#1094,#1095);
#961=AXIS2_PLACEMENT_3D('',#1536,#1096,#1097);
#962=AXIS2_PLACEMENT_3D('',#1537,#1098,#1099);
#963=AXIS2_PLACEMENT_3D('',#1539,#1100,#1101);
#964=AXIS2_PLACEMENT_3D('',#1540,#1102,#1103);
#965=AXIS2_PLACEMENT_3D('',#1541,#1104,#1105);
#966=AXIS2_PLACEMENT_3D('',#1545,#1107,#1108);
#967=AXIS2_PLACEMENT_3D('',#1546,#1109,#1110);
#968=AXIS2_PLACEMENT_3D('',#1547,#1111,#1112);
#969=AXIS2_PLACEMENT_3D('',#1549,#1113,#1114);
#970=AXIS2_PLACEMENT_3D('',#1550,#1115,#1116);
#971=AXIS2_PLACEMENT_3D('',#1551,#1117,#1118);
#972=AXIS2_PLACEMENT_3D('',#1553,#1119,#1120);
#973=AXIS2_PLACEMENT_3D('',#1554,#1121,#1122);
#974=AXIS2_PLACEMENT_3D('',#1555,#1123,#1124);
#975=AXIS2_PLACEMENT_3D('',#1590,#1126,#1127);
#976=AXIS2_PLACEMENT_3D('',#1591,#1128,#1129);
#977=AXIS2_PLACEMENT_3D('',#1681,#1130,#1131);
#978=AXIS2_PLACEMENT_3D('',#1683,#1132,#1133);
#979=AXIS2_PLACEMENT_3D('',#1684,#1134,#1135);
#980=AXIS2_PLACEMENT_3D('',#1688,#1137,#1138);
#981=AXIS2_PLACEMENT_3D('',#1699,#1140,#1141);
#982=AXIS2_PLACEMENT_3D('',#1702,#1143,#1144);
#983=AXIS2_PLACEMENT_3D('',#1703,#1145,#1146);
#984=AXIS2_PLACEMENT_3D('',#1705,#1147,#1148);
#985=AXIS2_PLACEMENT_3D('',#1708,#1150,#1151);
#986=AXIS2_PLACEMENT_3D('',#1709,#1152,#1153);
#987=AXIS2_PLACEMENT_3D('',#1718,#1158,#1159);
#988=AXIS2_PLACEMENT_3D('',#1724,#1163,#1164);
#989=AXIS2_PLACEMENT_3D('',#1726,#1165,#1166);
#990=AXIS2_PLACEMENT_3D('',#1728,#1167,#1168);
#991=AXIS2_PLACEMENT_3D('',#1730,#1170,#1171);
#992=AXIS2_PLACEMENT_3D('',#1736,#1175,#1176);
#993=AXIS2_PLACEMENT_3D('',#1738,#1177,#1178);
#994=AXIS2_PLACEMENT_3D('',#1740,#1179,#1180);
#995=AXIS2_PLACEMENT_3D('',#1742,#1182,#1183);
#996=AXIS2_PLACEMENT_3D('',#1828,#1187,#1188);
#997=AXIS2_PLACEMENT_3D('',#1831,#1191,#1192);
#998=AXIS2_PLACEMENT_3D('',#1833,#1193,#1194);
#999=AXIS2_PLACEMENT_3D('',#1834,#1195,#1196);
#1000=AXIS2_PLACEMENT_3D('',#1835,#1197,#1198);
#1001=AXIS2_PLACEMENT_3D('',#1837,#1199,#1200);
#1002=AXIS2_PLACEMENT_3D('',#1839,#1202,#1203);
#1003=AXIS2_PLACEMENT_3D('',#1841,#1204,#1205);
#1004=AXIS2_PLACEMENT_3D('',#1843,#1207,#1208);
#1005=AXIS2_PLACEMENT_3D('',#1844,#1209,#1210);
#1006=AXIS2_PLACEMENT_3D('',#1846,#1211,#1212);
#1007=AXIS2_PLACEMENT_3D('',#1848,#1213,#1214);
#1008=AXIS2_PLACEMENT_3D('',#1849,#1215,#1216);
#1009=AXIS2_PLACEMENT_3D('',#1851,#1217,#1218);
#1010=AXIS2_PLACEMENT_3D('',#1853,#1219,#1220);
#1011=AXIS2_PLACEMENT_3D('',#1854,#1221,#1222);
#1012=AXIS2_PLACEMENT_3D('',#1856,#1223,#1224);
#1013=AXIS2_PLACEMENT_3D('',#1858,#1225,#1226);
#1014=AXIS2_PLACEMENT_3D('',#1859,#1227,#1228);
#1015=AXIS2_PLACEMENT_3D('',#1861,#1229,#1230);
#1016=AXIS2_PLACEMENT_3D('',#1863,#1231,#1232);
#1017=AXIS2_PLACEMENT_3D('',#1864,#1233,#1234);
#1018=AXIS2_PLACEMENT_3D('',#1866,#1236,#1237);
#1019=AXIS2_PLACEMENT_3D('',#1868,#1239,#1240);
#1020=AXIS2_PLACEMENT_3D('',#1870,#1242,#1243);
#1021=AXIS2_PLACEMENT_3D('',#1872,#1245,#1246);
#1022=AXIS2_PLACEMENT_3D('',#1875,#1248,#1249);
#1023=AXIS2_PLACEMENT_3D('',#1876,#1250,#1251);
#1024=AXIS2_PLACEMENT_3D('',#1879,#1253,#1254);
#1025=AXIS2_PLACEMENT_3D('',#1880,#1255,#1256);
#1026=AXIS2_PLACEMENT_3D('',#1883,#1258,#1259);
#1027=AXIS2_PLACEMENT_3D('',#1884,#1260,#1261);
#1028=AXIS2_PLACEMENT_3D('',#1887,#1263,#1264);
#1029=AXIS2_PLACEMENT_3D('',#1888,#1265,#1266);
#1030=AXIS2_PLACEMENT_3D('',#1894,#1270,#1271);
#1031=AXIS2_PLACEMENT_3D('',#1896,#1272,#1273);
#1032=AXIS2_PLACEMENT_3D('',#1898,#1275,#1276);
#1033=AXIS2_PLACEMENT_3D('',#1902,#1279,#1280);
#1034=AXIS2_PLACEMENT_3D('',#1904,#1281,#1282);
#1035=AXIS2_PLACEMENT_3D('',#1906,#1284,#1285);
#1036=AXIS2_PLACEMENT_3D('',#1910,#1288,#1289);
#1037=AXIS2_PLACEMENT_3D('',#1912,#1290,#1291);
#1038=AXIS2_PLACEMENT_3D('',#1914,#1293,#1294);
#1039=AXIS2_PLACEMENT_3D('',#1918,#1297,#1298);
#1040=AXIS2_PLACEMENT_3D('',#1919,#1299,#1300);
#1041=AXIS2_PLACEMENT_3D('',#1920,#1301,#1302);
#1042=DIRECTION('axis',(0.,0.,1.));
#1043=DIRECTION('refdir',(1.,0.,0.));
#1044=DIRECTION('center_axis',(0.,0.,-1.));
#1045=DIRECTION('ref_axis',(-1.,0.,0.));
#1046=DIRECTION('center_axis',(0.,0.,-1.));
#1047=DIRECTION('ref_axis',(-1.,0.,0.));
#1048=DIRECTION('',(0.,0.,-1.));
#1049=DIRECTION('center_axis',(0.,0.,-1.));
#1050=DIRECTION('ref_axis',(-1.,0.,0.));
#1051=DIRECTION('center_axis',(0.,0.,1.));
#1052=DIRECTION('ref_axis',(-1.,0.,0.));
#1053=DIRECTION('center_axis',(0.,0.,1.));
#1054=DIRECTION('ref_axis',(1.,0.,0.));
#1055=DIRECTION('center_axis',(0.114007709943271,-0.11400770994327,0.986916655116825));
#1056=DIRECTION('ref_axis',(0.697855459299047,-0.697855459299056,-0.161231249616877));
#1057=DIRECTION('center_axis',(1.58714987133098E-15,-1.,-3.21602218753012E-17));
#1058=DIRECTION('ref_axis',(0.114755934130875,1.53258729058663E-16,0.993393716298704));
#1059=DIRECTION('center_axis',(1.,3.47807405271016E-15,1.36937357129349E-15));
#1060=DIRECTION('ref_axis',(8.01077356899634E-16,0.114755934130876,-0.993393716298704));
#1061=DIRECTION('',(0.100817904733567,-0.100817904733566,0.989783562285345));
#1062=DIRECTION('center_axis',(1.31639906219546E-16,-1.31639906219545E-16,
-1.));
#1063=DIRECTION('ref_axis',(-0.707106781186646,0.707106781186449,1.03595018125386E-15));
#1064=DIRECTION('center_axis',(1.31639906219546E-16,-1.31639906219545E-16,
-1.));
#1065=DIRECTION('ref_axis',(-0.707106781186646,0.707106781186449,1.03595018125386E-15));
#1066=DIRECTION('center_axis',(-0.11400770994327,-0.114007709943271,0.986916655116825));
#1067=DIRECTION('ref_axis',(-0.697855459299056,-0.697855459299047,-0.161231249616877));
#1068=DIRECTION('center_axis',(-1.13170878107791E-15,1.,-4.00224356422257E-17));
#1069=DIRECTION('ref_axis',(0.114755934130875,1.24242379231116E-16,-0.993393716298704));
#1070=DIRECTION('',(-0.100817904733566,-0.100817904733567,0.989783562285345));
#1071=DIRECTION('center_axis',(1.31639906219546E-16,-1.31639906219545E-16,
-1.));
#1072=DIRECTION('ref_axis',(0.707106781186605,0.70710678118649,1.03595018125386E-15));
#1073=DIRECTION('center_axis',(1.31639906219546E-16,-1.31639906219545E-16,
-1.));
#1074=DIRECTION('ref_axis',(0.707106781186605,0.70710678118649,1.03595018125386E-15));
#1075=DIRECTION('center_axis',(-1.31639906219546E-16,1.31639906219545E-16,
1.));
#1076=DIRECTION('ref_axis',(1.,0.,1.31639906219546E-16));
#1077=DIRECTION('center_axis',(0.,0.,1.));
#1078=DIRECTION('ref_axis',(1.,0.,0.));
#1079=DIRECTION('center_axis',(0.,0.,1.));
#1080=DIRECTION('ref_axis',(1.,0.,0.));
#1081=DIRECTION('center_axis',(0.,0.,-1.));
#1082=DIRECTION('ref_axis',(1.,0.,0.));
#1083=DIRECTION('center_axis',(0.,0.,-1.));
#1084=DIRECTION('ref_axis',(-1.,0.,0.));
#1085=DIRECTION('',(0.,0.,1.));
#1086=DIRECTION('center_axis',(0.,0.,-1.));
#1087=DIRECTION('ref_axis',(1.,0.,0.));
#1088=DIRECTION('',(0.,0.,1.));
#1089=DIRECTION('center_axis',(0.11400770994327,0.114007709943271,0.986916655116825));
#1090=DIRECTION('ref_axis',(0.697855459299056,0.697855459299047,-0.161231249616877));
#1091=DIRECTION('',(0.100817904733566,0.100817904733567,0.989783562285345));
#1092=DIRECTION('center_axis',(1.31639906219546E-16,-1.31639906219545E-16,
-1.));
#1093=DIRECTION('ref_axis',(0.707106781186613,0.707106781186482,1.03595018125386E-15));
#1094=DIRECTION('center_axis',(1.31639906219546E-16,-1.31639906219545E-16,
-1.));
#1095=DIRECTION('ref_axis',(0.707106781186613,0.707106781186482,1.03595018125386E-15));
#1096=DIRECTION('center_axis',(1.,3.58837716558642E-15,-4.14526050340901E-16));
#1097=DIRECTION('ref_axis',(-8.01077356899617E-16,0.114755934130875,0.993393716298704));
#1098=DIRECTION('center_axis',(-1.31639906219546E-16,1.31639906219545E-16,
1.));
#1099=DIRECTION('ref_axis',(1.,0.,1.31639906219546E-16));
#1100=DIRECTION('center_axis',(0.,0.,1.));
#1101=DIRECTION('ref_axis',(1.,0.,0.));
#1102=DIRECTION('center_axis',(0.,0.,1.));
#1103=DIRECTION('ref_axis',(1.,0.,0.));
#1104=DIRECTION('center_axis',(-0.114007709943271,0.11400770994327,0.986916655116825));
#1105=DIRECTION('ref_axis',(-0.697855459299047,0.697855459299056,-0.161231249616877));
#1106=DIRECTION('',(-0.100817904733567,0.100817904733566,0.989783562285345));
#1107=DIRECTION('center_axis',(1.31639906219546E-16,-1.31639906219545E-16,
-1.));
#1108=DIRECTION('ref_axis',(-0.707106781186324,0.707106781186771,0.));
#1109=DIRECTION('center_axis',(1.31639906219546E-16,-1.31639906219545E-16,
-1.));
#1110=DIRECTION('ref_axis',(-0.707106781186324,0.707106781186771,0.));
#1111=DIRECTION('center_axis',(-1.31639906219546E-16,1.31639906219545E-16,
1.));
#1112=DIRECTION('ref_axis',(1.,0.,1.31639906219546E-16));
#1113=DIRECTION('center_axis',(0.,0.,1.));
#1114=DIRECTION('ref_axis',(1.,0.,0.));
#1115=DIRECTION('center_axis',(0.,0.,1.));
#1116=DIRECTION('ref_axis',(1.,0.,0.));
#1117=DIRECTION('center_axis',(-1.31639906219546E-16,1.31639906219545E-16,
1.));
#1118=DIRECTION('ref_axis',(1.,0.,1.31639906219546E-16));
#1119=DIRECTION('center_axis',(0.,0.,1.));
#1120=DIRECTION('ref_axis',(1.,0.,0.));
#1121=DIRECTION('center_axis',(0.,0.,1.));
#1122=DIRECTION('ref_axis',(1.,0.,0.));
#1123=DIRECTION('center_axis',(-1.31639906219546E-16,1.31639906219545E-16,
1.));
#1124=DIRECTION('ref_axis',(-0.707106781186546,-0.707106781186549,0.));
#1125=DIRECTION('',(-0.146585297356208,-0.146585297356209,-0.978276801931838));
#1126=DIRECTION('center_axis',(0.,0.,1.));
#1127=DIRECTION('ref_axis',(-1.,0.,0.));
#1128=DIRECTION('center_axis',(0.,0.,1.));
#1129=DIRECTION('ref_axis',(-1.,0.,0.));
#1130=DIRECTION('center_axis',(0.,0.,1.));
#1131=DIRECTION('ref_axis',(-1.,0.,0.));
#1132=DIRECTION('center_axis',(0.,0.,1.));
#1133=DIRECTION('ref_axis',(1.,0.,0.));
#1134=DIRECTION('center_axis',(0.,0.,1.));
#1135=DIRECTION('ref_axis',(-1.,0.,0.));
#1136=DIRECTION('',(0.,0.,-1.));
#1137=DIRECTION('center_axis',(0.,0.,1.));
#1138=DIRECTION('ref_axis',(-1.,0.,0.));
#1139=DIRECTION('',(0.,0.,1.));
#1140=DIRECTION('center_axis',(9.04717982256498E-18,-4.18350053133596E-18,
-1.));
#1141=DIRECTION('ref_axis',(-1.,0.,0.));
#1142=DIRECTION('',(0.,0.,1.));
#1143=DIRECTION('center_axis',(0.,0.,1.));
#1144=DIRECTION('ref_axis',(-1.,0.,0.));
#1145=DIRECTION('center_axis',(0.,0.,1.));
#1146=DIRECTION('ref_axis',(1.,-7.0443529284282E-67,0.));
#1147=DIRECTION('center_axis',(9.04717982256498E-18,-4.18350053133596E-18,
-1.));
#1148=DIRECTION('ref_axis',(1.,-7.0443529284282E-67,9.04717982256498E-18));
#1149=DIRECTION('',(0.,0.,-1.));
#1150=DIRECTION('center_axis',(-9.04717982256498E-18,4.18350053133596E-18,
1.));
#1151=DIRECTION('ref_axis',(1.,-7.0443529284282E-67,9.04717982256498E-18));
#1152=DIRECTION('center_axis',(-9.482330788742E-16,-1.,0.));
#1153=DIRECTION('ref_axis',(1.,-9.482330788742E-16,9.04717982256498E-18));
#1154=DIRECTION('',(-1.,9.482330788742E-16,-9.04717982256498E-18));
#1155=DIRECTION('',(0.,0.,1.));
#1156=DIRECTION('',(1.,-9.482330788742E-16,9.04717982256498E-18));
#1157=DIRECTION('',(0.,0.,1.));
#1158=DIRECTION('center_axis',(-0.0067226170280652,-0.999977402954834,0.));
#1159=DIRECTION('ref_axis',(0.999977402954834,-0.0067226170280652,9.07509945494278E-18));
#1160=DIRECTION('',(-0.999977402954834,0.0067226170280652,-9.07509945494278E-18));
#1161=DIRECTION('',(0.999977402954834,-0.0067226170280652,9.07509945494278E-18));
#1162=DIRECTION('',(0.,0.,1.));
#1163=DIRECTION('center_axis',(0.,0.,1.));
#1164=DIRECTION('ref_axis',(-0.00672261702806467,-0.999977402954834,0.));
#1165=DIRECTION('center_axis',(9.04717982256498E-18,-4.18350053133596E-18,
-1.));
#1166=DIRECTION('ref_axis',(-0.00672261702806467,-0.999977402954834,4.12258527145436E-18));
#1167=DIRECTION('center_axis',(-9.04717982256498E-18,4.18350053133596E-18,
1.));
#1168=DIRECTION('ref_axis',(-0.00672261702806467,-0.999977402954834,4.12258527145436E-18));
#1169=DIRECTION('',(0.,0.,1.));
#1170=DIRECTION('center_axis',(-1.,-1.19409645526521E-14,0.));
#1171=DIRECTION('ref_axis',(1.19409645526521E-14,-1.,4.18350053133607E-18));
#1172=DIRECTION('',(-1.19409645526521E-14,1.,-4.18350053133607E-18));
#1173=DIRECTION('',(1.19409645526521E-14,-1.,4.18350053133607E-18));
#1174=DIRECTION('',(0.,0.,1.));
#1175=DIRECTION('center_axis',(0.,0.,1.));
#1176=DIRECTION('ref_axis',(-1.,5.13478148889121E-15,0.));
#1177=DIRECTION('center_axis',(9.04717982256498E-18,-4.18350053133596E-18,
-1.));
#1178=DIRECTION('ref_axis',(-1.,5.13478148889121E-15,-9.047179822565E-18));
#1179=DIRECTION('center_axis',(-9.04717982256498E-18,4.18350053133596E-18,
1.));
#1180=DIRECTION('ref_axis',(-1.,5.13478148889121E-15,-9.047179822565E-18));
#1181=DIRECTION('',(0.,0.,1.));
#1182=DIRECTION('center_axis',(-0.0051479565448579,0.999986749183914,0.));
#1183=DIRECTION('ref_axis',(-0.999986749183914,-0.0051479565448579,-9.02552346110835E-18));
#1184=DIRECTION('',(0.999986749183914,0.0051479565448579,9.02552346110835E-18));
#1185=DIRECTION('',(-0.999986749183914,-0.0051479565448579,-9.02552346110835E-18));
#1186=DIRECTION('',(0.,0.,1.));
#1187=DIRECTION('center_axis',(0.50000001187521,-0.866025396928283,0.));
#1188=DIRECTION('ref_axis',(0.866025396928283,0.50000001187521,5.74333718157046E-18));
#1189=DIRECTION('',(0.866025396928283,0.50000001187521,5.74333718157046E-18));
#1190=DIRECTION('',(-0.866025396928283,-0.50000001187521,-5.74333718157046E-18));
#1191=DIRECTION('center_axis',(9.04717982256498E-18,-4.18350053133596E-18,
-1.));
#1192=DIRECTION('ref_axis',(1.,0.,9.04717982256498E-18));
#1193=DIRECTION('center_axis',(-9.04717982256498E-18,4.18350053133596E-18,
1.));
#1194=DIRECTION('ref_axis',(1.,0.,0.));
#1195=DIRECTION('center_axis',(9.04717982256498E-18,-4.18350053133596E-18,
-1.));
#1196=DIRECTION('ref_axis',(1.,0.,9.04717982256498E-18));
#1197=DIRECTION('center_axis',(0.,0.,-1.));
#1198=DIRECTION('ref_axis',(1.,0.,0.));
#1199=DIRECTION('center_axis',(0.,0.,1.));
#1200=DIRECTION('ref_axis',(1.,0.,0.));
#1201=DIRECTION('',(0.,0.,1.));
#1202=DIRECTION('center_axis',(0.,0.,-1.));
#1203=DIRECTION('ref_axis',(1.,0.,0.));
#1204=DIRECTION('center_axis',(0.,0.,1.));
#1205=DIRECTION('ref_axis',(1.,0.,0.));
#1206=DIRECTION('',(0.,0.,1.));
#1207=DIRECTION('center_axis',(0.,0.,-1.));
#1208=DIRECTION('ref_axis',(1.,0.,0.));
#1209=DIRECTION('center_axis',(0.,0.,-1.));
#1210=DIRECTION('ref_axis',(-1.,0.,0.));
#1211=DIRECTION('center_axis',(0.,0.,1.));
#1212=DIRECTION('ref_axis',(1.,0.,0.));
#1213=DIRECTION('center_axis',(0.,0.,-1.));
#1214=DIRECTION('ref_axis',(1.,0.,0.));
#1215=DIRECTION('center_axis',(0.,0.,-1.));
#1216=DIRECTION('ref_axis',(-1.,0.,0.));
#1217=DIRECTION('center_axis',(0.,0.,1.));
#1218=DIRECTION('ref_axis',(1.,0.,0.));
#1219=DIRECTION('center_axis',(0.,0.,-1.));
#1220=DIRECTION('ref_axis',(1.,0.,0.));
#1221=DIRECTION('center_axis',(0.,0.,-1.));
#1222=DIRECTION('ref_axis',(-1.,0.,0.));
#1223=DIRECTION('center_axis',(0.,0.,1.));
#1224=DIRECTION('ref_axis',(1.,0.,0.));
#1225=DIRECTION('center_axis',(0.,0.,-1.));
#1226=DIRECTION('ref_axis',(1.,0.,0.));
#1227=DIRECTION('center_axis',(0.,0.,-1.));
#1228=DIRECTION('ref_axis',(-1.,0.,0.));
#1229=DIRECTION('center_axis',(0.,0.,1.));
#1230=DIRECTION('ref_axis',(1.,0.,0.));
#1231=DIRECTION('center_axis',(0.,0.,-1.));
#1232=DIRECTION('ref_axis',(1.,0.,0.));
#1233=DIRECTION('center_axis',(0.,0.,-1.));
#1234=DIRECTION('ref_axis',(1.,0.,0.));
#1235=DIRECTION('',(0.,0.,1.));
#1236=DIRECTION('center_axis',(0.,0.,-1.));
#1237=DIRECTION('ref_axis',(1.,0.,0.));
#1238=DIRECTION('',(0.,0.,1.));
#1239=DIRECTION('center_axis',(0.,0.,-1.));
#1240=DIRECTION('ref_axis',(1.,0.,0.));
#1241=DIRECTION('',(0.,0.,1.));
#1242=DIRECTION('center_axis',(0.,0.,-1.));
#1243=DIRECTION('ref_axis',(1.,0.,0.));
#1244=DIRECTION('',(0.,0.,1.));
#1245=DIRECTION('center_axis',(0.,0.,-1.));
#1246=DIRECTION('ref_axis',(1.,0.,0.));
#1247=DIRECTION('',(0.,0.,1.));
#1248=DIRECTION('center_axis',(0.,0.,-1.));
#1249=DIRECTION('ref_axis',(1.,0.,0.));
#1250=DIRECTION('center_axis',(0.,0.,-1.));
#1251=DIRECTION('ref_axis',(1.,0.,0.));
#1252=DIRECTION('',(0.,0.,1.));
#1253=DIRECTION('center_axis',(0.,0.,-1.));
#1254=DIRECTION('ref_axis',(1.,0.,0.));
#1255=DIRECTION('center_axis',(0.,0.,-1.));
#1256=DIRECTION('ref_axis',(1.,0.,0.));
#1257=DIRECTION('',(0.,0.,1.));
#1258=DIRECTION('center_axis',(0.,0.,-1.));
#1259=DIRECTION('ref_axis',(1.,0.,0.));
#1260=DIRECTION('center_axis',(0.,0.,-1.));
#1261=DIRECTION('ref_axis',(1.,0.,0.));
#1262=DIRECTION('',(0.,0.,1.));
#1263=DIRECTION('center_axis',(0.,0.,-1.));
#1264=DIRECTION('ref_axis',(1.,0.,0.));
#1265=DIRECTION('center_axis',(-1.,0.,0.));
#1266=DIRECTION('ref_axis',(0.,1.,0.));
#1267=DIRECTION('',(0.,1.,0.));
#1268=DIRECTION('',(0.,0.,-1.));
#1269=DIRECTION('',(0.,0.,-1.));
#1270=DIRECTION('center_axis',(0.,0.,-1.));
#1271=DIRECTION('ref_axis',(-1.,-3.70074341541719E-16,0.));
#1272=DIRECTION('center_axis',(0.,0.,1.));
#1273=DIRECTION('ref_axis',(-1.,-3.70074341541719E-16,0.));
#1274=DIRECTION('',(0.,0.,-1.));
#1275=DIRECTION('center_axis',(-1.80524069044741E-16,-1.,0.));
#1276=DIRECTION('ref_axis',(-1.,1.80524069044741E-16,0.));
#1277=DIRECTION('',(-1.,1.80524069044741E-16,0.));
#1278=DIRECTION('',(0.,0.,-1.));
#1279=DIRECTION('center_axis',(0.,0.,-1.));
#1280=DIRECTION('ref_axis',(0.,-1.,0.));
#1281=DIRECTION('center_axis',(0.,0.,1.));
#1282=DIRECTION('ref_axis',(0.,-1.,0.));
#1283=DIRECTION('',(0.,0.,-1.));
#1284=DIRECTION('center_axis',(1.,0.,0.));
#1285=DIRECTION('ref_axis',(0.,-1.,0.));
#1286=DIRECTION('',(0.,-1.,0.));
#1287=DIRECTION('',(0.,0.,-1.));
#1288=DIRECTION('center_axis',(0.,0.,-1.));
#1289=DIRECTION('ref_axis',(1.,3.70074341541719E-16,0.));
#1290=DIRECTION('center_axis',(0.,0.,1.));
#1291=DIRECTION('ref_axis',(1.,3.70074341541719E-16,0.));
#1292=DIRECTION('',(0.,0.,-1.));
#1293=DIRECTION('center_axis',(0.,1.,0.));
#1294=DIRECTION('ref_axis',(1.,0.,0.));
#1295=DIRECTION('',(1.,0.,0.));
#1296=DIRECTION('',(0.,0.,-1.));
#1297=DIRECTION('center_axis',(0.,0.,-1.));
#1298=DIRECTION('ref_axis',(0.,1.,0.));
#1299=DIRECTION('center_axis',(0.,0.,1.));
#1300=DIRECTION('ref_axis',(0.,1.,0.));
#1301=DIRECTION('center_axis',(0.,0.,1.));
#1302=DIRECTION('ref_axis',(1.,0.,0.));
#1303=CARTESIAN_POINT('',(0.,0.,0.));
#1304=CARTESIAN_POINT('Origin',(60.0000008940697,0.,0.));
#1305=CARTESIAN_POINT('',(62.1000008940697,2.57175827820944E-16,0.));
#1306=CARTESIAN_POINT('Origin',(60.0000008940697,0.,0.));
#1307=CARTESIAN_POINT('',(62.1000008940697,2.57175827820944E-16,-5.));
#1308=CARTESIAN_POINT('',(62.1000008940697,-2.57175827820944E-16,0.));
#1309=CARTESIAN_POINT('Origin',(60.0000008940697,0.,-5.));
#1310=CARTESIAN_POINT('Origin',(60.0000008940697,0.,-5.));
#1311=CARTESIAN_POINT('',(58.7500008940697,1.53080849893419E-16,-5.));
#1312=CARTESIAN_POINT('Origin',(60.0000008940697,0.,-5.));
#1313=CARTESIAN_POINT('Origin',(62.7055164640594,-2.70551556998972,-31.0794929305273));
#1314=CARTESIAN_POINT('',(61.2500008940697,1.95000265934553E-12,-54.4291415984108));
#1315=CARTESIAN_POINT('',(61.2500008942986,5.21998785342481E-11,-41.8134367860709));
#1316=CARTESIAN_POINT('Origin',(60.2092709068004,7.73733993624461E-15,-52.6884377724701));
#1317=CARTESIAN_POINT('',(60.8838843705529,-0.883883476483183,-54.5));
#1318=CARTESIAN_POINT('Ctrl Pts',(60.8838843705529,-0.883883476483173,-54.5));
#1319=CARTESIAN_POINT('Ctrl Pts',(61.0019758106101,-0.765792036425929,-54.5));
#1320=CARTESIAN_POINT('Ctrl Pts',(61.1021483445987,-0.615389902645564,-54.4944869601088));
#1321=CARTESIAN_POINT('Ctrl Pts',(61.2222079004876,-0.305342426961606,-54.4705909669214));
#1322=CARTESIAN_POINT('Ctrl Pts',(61.2500008940699,-0.148498969078026,-54.4538092590957));
#1323=CARTESIAN_POINT('Ctrl Pts',(61.2500008940697,1.94729649072301E-12,
-54.4291415984109));
#1324=CARTESIAN_POINT('',(60.0000008940683,-1.25000000000003,-54.4291415984108));
#1325=CARTESIAN_POINT('Ctrl Pts',(60.0000008940683,-1.25,-54.4291415984108));
#1326=CARTESIAN_POINT('Ctrl Pts',(60.148499863148,-1.25000000000017,-54.4538092590956));
#1327=CARTESIAN_POINT('Ctrl Pts',(60.3053433210315,-1.22220700641787,-54.4705909669213));
#1328=CARTESIAN_POINT('Ctrl Pts',(60.6153907967153,-1.10214745052898,-54.4944869601087));
#1329=CARTESIAN_POINT('Ctrl Pts',(60.7657929304956,-1.00197491654042,-54.5));
#1330=CARTESIAN_POINT('Ctrl Pts',(60.8838843705529,-0.883883476483175,-54.5));
#1331=CARTESIAN_POINT('',(60.0000008940175,-1.25000000022895,-41.8134367860709));
#1332=CARTESIAN_POINT('Origin',(60.0000008940697,-0.209270012730663,-52.6884377724702));
#1333=CARTESIAN_POINT('',(60.8838843705529,-0.883883476483169,-37.1982323559976));
#1334=CARTESIAN_POINT('Ctrl Pts',(60.8838843705529,-0.883883476483174,-37.1982323559976));
#1335=CARTESIAN_POINT('Ctrl Pts',(60.8756513561061,-0.892116490929959,-37.1982323559976));
#1336=CARTESIAN_POINT('Ctrl Pts',(60.8674065344818,-0.900127779391123,-37.2003090090305));
#1337=CARTESIAN_POINT('Ctrl Pts',(60.8512914597368,-0.915384091585473,-37.207945446));
#1338=CARTESIAN_POINT('Ctrl Pts',(60.8434246721716,-0.922623590290347,-37.2135235689251));
#1339=CARTESIAN_POINT('Ctrl Pts',(60.8208309983509,-0.942951743734002,-37.233669626294));
#1340=CARTESIAN_POINT('Ctrl Pts',(60.8071413032557,-0.954592552161586,-37.251889615667));
#1341=CARTESIAN_POINT('Ctrl Pts',(60.7155646227129,-1.03016806171047,-37.3941852042576));
#1342=CARTESIAN_POINT('Ctrl Pts',(60.6659286155817,-1.05891442881009,-37.5799808808344));
#1343=CARTESIAN_POINT('Ctrl Pts',(60.5250940091456,-1.14018310969942,-38.1098879309805));
#1344=CARTESIAN_POINT('Ctrl Pts',(60.4530116298033,-1.16723840173298,-38.5106327617336));
#1345=CARTESIAN_POINT('Ctrl Pts',(60.3163259819351,-1.21144240815272,-39.3342774017693));
#1346=CARTESIAN_POINT('Ctrl Pts',(60.2551859323075,-1.22504245806243,-39.7579347553632));
#1347=CARTESIAN_POINT('Ctrl Pts',(60.1251562869715,-1.24590795407157,-40.7316126685789));
#1348=CARTESIAN_POINT('Ctrl Pts',(60.0593904995993,-1.2499999999196,-41.2823196680248));
#1349=CARTESIAN_POINT('Ctrl Pts',(60.0000008957618,-1.25,-41.813436786266));
#1350=CARTESIAN_POINT('',(63.8376018685062,-3.83760097443648,-8.2));
#1351=CARTESIAN_POINT('',(61.5346836654605,-1.53468277139077,-30.8089858610545));
#1352=CARTESIAN_POINT('',(66.8688141547639,-6.86881326069416,-8.2));
#1353=CARTESIAN_POINT('Origin',(65.353208011635,-5.35320711756532,-8.2));
#1354=CARTESIAN_POINT('Origin',(65.353208011635,-5.35320711756532,-8.2));
#1355=CARTESIAN_POINT('Ctrl Pts',(61.2500008940697,-1.6921131683334E-9,
-41.813436786266));
#1356=CARTESIAN_POINT('Ctrl Pts',(61.2500008939893,-0.0593896055296316,
-41.282319668025));
#1357=CARTESIAN_POINT('Ctrl Pts',(61.2459088481413,-0.125155392901768,-40.7316126685793));
#1358=CARTESIAN_POINT('Ctrl Pts',(61.2250433521321,-0.255185038237779,-39.7579347553637));
#1359=CARTESIAN_POINT('Ctrl Pts',(61.2114433022224,-0.316325087865307,-39.3342774017698));
#1360=CARTESIAN_POINT('Ctrl Pts',(61.1672392958027,-0.453010735733556,-38.5106327617339));
#1361=CARTESIAN_POINT('Ctrl Pts',(61.1401840037691,-0.525093115075831,-38.1098879309807));
#1362=CARTESIAN_POINT('Ctrl Pts',(61.0589153228798,-0.665927721511988,-37.5799808808345));
#1363=CARTESIAN_POINT('Ctrl Pts',(61.0301689557802,-0.715563728643177,-37.3941852042576));
#1364=CARTESIAN_POINT('Ctrl Pts',(60.9545934462313,-0.80714040918596,-37.251889615667));
#1365=CARTESIAN_POINT('Ctrl Pts',(60.9429526378037,-0.820830104281171,-37.233669626294));
#1366=CARTESIAN_POINT('Ctrl Pts',(60.92262448436,-0.843423778101887,-37.2135235689251));
#1367=CARTESIAN_POINT('Ctrl Pts',(60.9153849856552,-0.851290565667163,-37.207945446));
#1368=CARTESIAN_POINT('Ctrl Pts',(60.9001286734608,-0.867405640412158,-37.2003090090305));
#1369=CARTESIAN_POINT('Ctrl Pts',(60.8921173849997,-0.875650462036389,-37.1982323559976));
#1370=CARTESIAN_POINT('Ctrl Pts',(60.8838843705529,-0.883883476483174,-37.1982323559976));
#1371=CARTESIAN_POINT('Origin',(57.2944853240799,-2.70551556998975,-31.0794929305273));
#1372=CARTESIAN_POINT('',(59.1161174175865,-0.883883476483187,-54.5));
#1373=CARTESIAN_POINT('Ctrl Pts',(59.1161174175865,-0.88388347648319,-54.5));
#1374=CARTESIAN_POINT('Ctrl Pts',(59.2342088576437,-1.00197491654043,-54.5));
#1375=CARTESIAN_POINT('Ctrl Pts',(59.3846109914241,-1.10214745052899,-54.4944869601087));
#1376=CARTESIAN_POINT('Ctrl Pts',(59.6946584671082,-1.22220700641802,-54.4705909669214));
#1377=CARTESIAN_POINT('Ctrl Pts',(59.8515019249887,-1.2499999999999,-54.4538092590961));
#1378=CARTESIAN_POINT('Ctrl Pts',(60.0000008940688,-1.25,-54.4291415984113));
#1379=CARTESIAN_POINT('',(58.7500008940696,-2.16063278379863E-12,-54.4291415984108));
#1380=CARTESIAN_POINT('Ctrl Pts',(58.7500008940697,-1.62345831222765E-12,
-54.4291415984113));
#1381=CARTESIAN_POINT('Ctrl Pts',(58.7500008940697,-0.148498969081755,-54.4538092590946));
#1382=CARTESIAN_POINT('Ctrl Pts',(58.7777938876518,-0.30534242696173,-54.4705909669214));
#1383=CARTESIAN_POINT('Ctrl Pts',(58.8978534435407,-0.615389902645586,-54.4944869601087));
#1384=CARTESIAN_POINT('Ctrl Pts',(58.9980259775292,-0.76579203642595,-54.5));
#1385=CARTESIAN_POINT('Ctrl Pts',(59.1161174175865,-0.88388347648319,-54.5));
#1386=CARTESIAN_POINT('',(58.7500008938407,-5.22003534147997E-11,-41.8134367860709));
#1387=CARTESIAN_POINT('Origin',(59.790730881339,-8.59396207000552E-15,-52.6884377724701));
#1388=CARTESIAN_POINT('',(59.1161174175865,-0.883883476483199,-37.1982323559976));
#1389=CARTESIAN_POINT('Ctrl Pts',(59.1161174175865,-0.883883476483194,-37.1982323559976));
#1390=CARTESIAN_POINT('Ctrl Pts',(59.1078844031397,-0.875650462036408,-37.1982323559976));
#1391=CARTESIAN_POINT('Ctrl Pts',(59.0998731146786,-0.867405640412187,-37.2003090090305));
#1392=CARTESIAN_POINT('Ctrl Pts',(59.0846168024842,-0.851290565667189,-37.207945446));
#1393=CARTESIAN_POINT('Ctrl Pts',(59.0773773037793,-0.843423778101927,-37.2135235689251));
#1394=CARTESIAN_POINT('Ctrl Pts',(59.0570491503357,-0.820830104281211,-37.233669626294));
#1395=CARTESIAN_POINT('Ctrl Pts',(59.0454083419081,-0.807140409185986,-37.251889615667));
#1396=CARTESIAN_POINT('Ctrl Pts',(58.9698328323592,-0.715563728643219,-37.3941852042576));
#1397=CARTESIAN_POINT('Ctrl Pts',(58.9410864652596,-0.665927721512032,-37.5799808808344));
#1398=CARTESIAN_POINT('Ctrl Pts',(58.8598177843703,-0.525093115075895,-38.1098879309804));
#1399=CARTESIAN_POINT('Ctrl Pts',(58.8327624923367,-0.453010735733635,-38.5106327617336));
#1400=CARTESIAN_POINT('Ctrl Pts',(58.788558485917,-0.316325087865404,-39.3342774017693));
#1401=CARTESIAN_POINT('Ctrl Pts',(58.7749584360073,-0.255185038237888,-39.7579347553631));
#1402=CARTESIAN_POINT('Ctrl Pts',(58.7540929400009,-0.125155392919455,-40.731612668447));
#1403=CARTESIAN_POINT('Ctrl Pts',(58.7500008941521,-0.0593896055613733,
-41.2823196677599));
#1404=CARTESIAN_POINT('Ctrl Pts',(58.7500008940697,-1.73498335490074E-9,
-41.8134367858828));
#1405=CARTESIAN_POINT('',(56.1623999196332,-3.83760097443655,-8.2));
#1406=CARTESIAN_POINT('',(58.4653181226789,-1.53468277139082,-30.8089858610545));
#1407=CARTESIAN_POINT('',(53.1311876333755,-6.8688132606942,-8.2));
#1408=CARTESIAN_POINT('Origin',(54.6467937765043,-5.35320711756537,-8.2));
#1409=CARTESIAN_POINT('Origin',(54.6467937765043,-5.35320711756537,-8.2));
#1410=CARTESIAN_POINT('Ctrl Pts',(60.0000008923347,-1.25,-41.8134367858827));
#1411=CARTESIAN_POINT('Ctrl Pts',(59.9406112885083,-1.24999999991757,-41.2823196677602));
#1412=CARTESIAN_POINT('Ctrl Pts',(59.8748455011503,-1.24590795406875,-40.7316126684476));
#1413=CARTESIAN_POINT('Ctrl Pts',(59.7448158558319,-1.22504245806245,-39.757934755364));
#1414=CARTESIAN_POINT('Ctrl Pts',(59.6836758062044,-1.21144240815275,-39.33427740177));
#1415=CARTESIAN_POINT('Ctrl Pts',(59.5469901583361,-1.16723840173301,-38.510632761734));
#1416=CARTESIAN_POINT('Ctrl Pts',(59.4749077789939,-1.14018310969945,-38.1098879309808));
#1417=CARTESIAN_POINT('Ctrl Pts',(59.3340731725577,-1.05891442881012,-37.5799808808345));
#1418=CARTESIAN_POINT('Ctrl Pts',(59.2844371654265,-1.0301680617105,-37.3941852042576));
#1419=CARTESIAN_POINT('Ctrl Pts',(59.1928604848837,-0.954592552161609,-37.251889615667));
#1420=CARTESIAN_POINT('Ctrl Pts',(59.1791707897885,-0.942951743734009,-37.233669626294));
#1421=CARTESIAN_POINT('Ctrl Pts',(59.1565771159678,-0.922623590290349,-37.2135235689251));
#1422=CARTESIAN_POINT('Ctrl Pts',(59.1487103284025,-0.915384091585479,-37.207945446));
#1423=CARTESIAN_POINT('Ctrl Pts',(59.1325952536575,-0.900127779391127,-37.2003090090305));
#1424=CARTESIAN_POINT('Ctrl Pts',(59.1243504320333,-0.89211649092998,-37.1982323559976));
#1425=CARTESIAN_POINT('Ctrl Pts',(59.1161174175865,-0.883883476483194,-37.1982323559976));
#1426=CARTESIAN_POINT('Origin',(60.0000008940697,2.22044604925031E-15,-8.2));
#1427=CARTESIAN_POINT('',(63.1985345752128,-5.34853368114308,-8.2));
#1428=CARTESIAN_POINT('Origin',(65.3485345752128,-5.34853368114308,-8.2));
#1429=CARTESIAN_POINT('Origin',(65.3485345752128,-5.34853368114308,-8.2));
#1430=CARTESIAN_POINT('Origin',(60.0000008940697,0.,0.));
#1431=CARTESIAN_POINT('',(58.7500008940697,1.53080849893419E-16,-60.));
#1432=CARTESIAN_POINT('Origin',(60.0000008940697,-2.77555756156289E-15,
-60.));
#1433=CARTESIAN_POINT('',(58.7500008940697,1.53080849893419E-16,0.));
#1434=CARTESIAN_POINT('',(60.8838843705529,0.883883476483187,-54.5));
#1435=CARTESIAN_POINT('Ctrl Pts',(61.2500008940697,1.41758133009873E-12,
-54.4291415984113));
#1436=CARTESIAN_POINT('Ctrl Pts',(61.2500008940695,0.148498969081377,-54.4538092590961));
#1437=CARTESIAN_POINT('Ctrl Pts',(61.2222079004876,0.305342426961666,-54.4705909669214));
#1438=CARTESIAN_POINT('Ctrl Pts',(61.1021483445986,0.615389902645586,-54.4944869601087));
#1439=CARTESIAN_POINT('Ctrl Pts',(61.0019758106101,0.765792036425955,-54.5));
#1440=CARTESIAN_POINT('Ctrl Pts',(60.8838843705528,0.883883476483196,-54.5));
#1441=CARTESIAN_POINT('',(60.0000008940676,1.25000000000004,-54.4291415984108));
#1442=CARTESIAN_POINT('Ctrl Pts',(60.8838843705528,0.883883476483194,-54.5));
#1443=CARTESIAN_POINT('Ctrl Pts',(60.7657929304956,1.00197491654043,-54.5));
#1444=CARTESIAN_POINT('Ctrl Pts',(60.6153907967152,1.10214745052899,-54.4944869601087));
#1445=CARTESIAN_POINT('Ctrl Pts',(60.3053433210312,1.22220700641798,-54.4705909669214));
#1446=CARTESIAN_POINT('Ctrl Pts',(60.1484998631476,1.25000000000025,-54.4538092590957));
#1447=CARTESIAN_POINT('Ctrl Pts',(60.0000008940676,1.25,-54.4291415984109));
#1448=CARTESIAN_POINT('',(59.1161174175865,0.883883476483183,-54.5));
#1449=CARTESIAN_POINT('Ctrl Pts',(60.0000008940681,1.25,-54.4291415984113));
#1450=CARTESIAN_POINT('Ctrl Pts',(59.8515019249882,1.24999999999981,-54.4538092590961));
#1451=CARTESIAN_POINT('Ctrl Pts',(59.694658467108,1.22220700641793,-54.4705909669213));
#1452=CARTESIAN_POINT('Ctrl Pts',(59.3846109914241,1.10214745052898,-54.4944869601087));
#1453=CARTESIAN_POINT('Ctrl Pts',(59.2342088576437,1.00197491654042,-54.5));
#1454=CARTESIAN_POINT('Ctrl Pts',(59.1161174175865,0.883883476483176,-54.5));
#1455=CARTESIAN_POINT('Ctrl Pts',(59.1161174175865,0.883883476483177,-54.5));
#1456=CARTESIAN_POINT('Ctrl Pts',(58.9980259775292,0.765792036425934,-54.5));
#1457=CARTESIAN_POINT('Ctrl Pts',(58.8978534435407,0.615389902645567,-54.4944869601087));
#1458=CARTESIAN_POINT('Ctrl Pts',(58.7777938876517,0.3053424269616,-54.4705909669214));
#1459=CARTESIAN_POINT('Ctrl Pts',(58.7500008940697,0.148498969077519,-54.4538092590975));
#1460=CARTESIAN_POINT('Ctrl Pts',(58.7500008940697,-2.15031117911657E-12,
-54.4291415984108));
#1461=CARTESIAN_POINT('Origin',(60.0000008940697,0.,0.));
#1462=CARTESIAN_POINT('',(58.7500008940697,1.53080849893419E-16,0.));
#1463=CARTESIAN_POINT('',(59.1161174175865,0.883883476483168,-37.1982323559976));
#1464=CARTESIAN_POINT('Ctrl Pts',(58.7500008940697,1.69211311629169E-9,
-41.813436786266));
#1465=CARTESIAN_POINT('Ctrl Pts',(58.7500008941501,0.0593896055296265,-41.2823196680251));
#1466=CARTESIAN_POINT('Ctrl Pts',(58.7540929399981,0.125155392901757,-40.7316126685794));
#1467=CARTESIAN_POINT('Ctrl Pts',(58.7749584360072,0.255185038237762,-39.7579347553639));
#1468=CARTESIAN_POINT('Ctrl Pts',(58.7885584859169,0.316325087865297,-39.3342774017699));
#1469=CARTESIAN_POINT('Ctrl Pts',(58.8327624923367,0.453010735733549,-38.510632761734));
#1470=CARTESIAN_POINT('Ctrl Pts',(58.8598177843702,0.525093115075818,-38.1098879309807));
#1471=CARTESIAN_POINT('Ctrl Pts',(58.9410864652595,0.665927721511974,-37.5799808808345));
#1472=CARTESIAN_POINT('Ctrl Pts',(58.9698328323592,0.715563728643176,-37.3941852042577));
#1473=CARTESIAN_POINT('Ctrl Pts',(59.0454083419081,0.807140409185957,-37.251889615667));
#1474=CARTESIAN_POINT('Ctrl Pts',(59.0570491503356,0.820830104281162,-37.233669626294));
#1475=CARTESIAN_POINT('Ctrl Pts',(59.0773773037793,0.843423778101885,-37.2135235689251));
#1476=CARTESIAN_POINT('Ctrl Pts',(59.0846168024842,0.851290565667159,-37.207945446));
#1477=CARTESIAN_POINT('Ctrl Pts',(59.0998731146785,0.867405640412159,-37.2003090090305));
#1478=CARTESIAN_POINT('Ctrl Pts',(59.1078844031397,0.875650462036387,-37.1982323559976));
#1479=CARTESIAN_POINT('Ctrl Pts',(59.1161174175865,0.883883476483173,-37.1982323559976));
#1480=CARTESIAN_POINT('',(60.0000008940175,1.25000000022895,-41.8134367860709));
#1481=CARTESIAN_POINT('Ctrl Pts',(59.1161174175865,0.883883476483173,-37.1982323559976));
#1482=CARTESIAN_POINT('Ctrl Pts',(59.1243504320333,0.892116490929953,-37.1982323559976));
#1483=CARTESIAN_POINT('Ctrl Pts',(59.1325952536575,0.900127779391104,-37.2003090090305));
#1484=CARTESIAN_POINT('Ctrl Pts',(59.1487103284025,0.915384091585448,-37.207945446));
#1485=CARTESIAN_POINT('Ctrl Pts',(59.1565771159677,0.922623590290329,-37.2135235689251));
#1486=CARTESIAN_POINT('Ctrl Pts',(59.1791707897885,0.942951743733989,-37.233669626294));
#1487=CARTESIAN_POINT('Ctrl Pts',(59.1928604848837,0.954592552161586,-37.2518896156669));
#1488=CARTESIAN_POINT('Ctrl Pts',(59.2844371654265,1.03016806171047,-37.3941852042575));
#1489=CARTESIAN_POINT('Ctrl Pts',(59.3340731725576,1.05891442881009,-37.5799808808344));
#1490=CARTESIAN_POINT('Ctrl Pts',(59.4749077789938,1.14018310969942,-38.1098879309805));
#1491=CARTESIAN_POINT('Ctrl Pts',(59.546990158336,1.16723840173298,-38.5106327617336));
#1492=CARTESIAN_POINT('Ctrl Pts',(59.6836758062043,1.21144240815272,-39.3342774017693));
#1493=CARTESIAN_POINT('Ctrl Pts',(59.7448158558318,1.22504245806243,-39.7579347553632));
#1494=CARTESIAN_POINT('Ctrl Pts',(59.8748455011502,1.24590795406874,-40.731612668447));
#1495=CARTESIAN_POINT('Ctrl Pts',(59.9406112885083,1.24999999991757,-41.2823196677599));
#1496=CARTESIAN_POINT('Ctrl Pts',(60.0000008923347,1.25,-41.8134367858827));
#1497=CARTESIAN_POINT('',(60.8838843705528,0.883883476483204,-37.1982323559976));
#1498=CARTESIAN_POINT('Ctrl Pts',(60.0000008957618,1.25,-41.8134367862659));
#1499=CARTESIAN_POINT('Ctrl Pts',(60.0593904995993,1.2499999999196,-41.2823196680251));
#1500=CARTESIAN_POINT('Ctrl Pts',(60.1251562869714,1.24590795407157,-40.7316126685795));
#1501=CARTESIAN_POINT('Ctrl Pts',(60.2551859323074,1.22504245806245,-39.757934755364));
#1502=CARTESIAN_POINT('Ctrl Pts',(60.316325981935,1.21144240815275,-39.33427740177));
#1503=CARTESIAN_POINT('Ctrl Pts',(60.4530116298032,1.16723840173301,-38.510632761734));
#1504=CARTESIAN_POINT('Ctrl Pts',(60.5250940091455,1.14018310969945,-38.1098879309807));
#1505=CARTESIAN_POINT('Ctrl Pts',(60.6659286155816,1.05891442881012,-37.5799808808345));
#1506=CARTESIAN_POINT('Ctrl Pts',(60.7155646227128,1.0301680617105,-37.3941852042576));
#1507=CARTESIAN_POINT('Ctrl Pts',(60.8071413032556,0.954592552161609,-37.251889615667));
#1508=CARTESIAN_POINT('Ctrl Pts',(60.8208309983508,0.942951743734007,-37.233669626294));
#1509=CARTESIAN_POINT('Ctrl Pts',(60.8434246721716,0.922623590290339,-37.2135235689251));
#1510=CARTESIAN_POINT('Ctrl Pts',(60.8512914597368,0.915384091585492,-37.207945446));
#1511=CARTESIAN_POINT('Ctrl Pts',(60.8674065344818,0.900127779391147,-37.2003090090305));
#1512=CARTESIAN_POINT('Ctrl Pts',(60.8756513561061,0.892116490929986,-37.1982323559976));
#1513=CARTESIAN_POINT('Ctrl Pts',(60.8838843705528,0.8838834764832,-37.1982323559976));
#1514=CARTESIAN_POINT('Ctrl Pts',(60.8838843705528,0.8838834764832,-37.1982323559976));
#1515=CARTESIAN_POINT('Ctrl Pts',(60.8921173849996,0.875650462036415,-37.1982323559976));
#1516=CARTESIAN_POINT('Ctrl Pts',(60.9001286734608,0.867405640412184,-37.2003090090305));
#1517=CARTESIAN_POINT('Ctrl Pts',(60.9153849856551,0.85129056566719,-37.207945446));
#1518=CARTESIAN_POINT('Ctrl Pts',(60.92262448436,0.843423778101928,-37.2135235689251));
#1519=CARTESIAN_POINT('Ctrl Pts',(60.9429526378037,0.820830104281212,-37.233669626294));
#1520=CARTESIAN_POINT('Ctrl Pts',(60.9545934462313,0.807140409185986,-37.251889615667));
#1521=CARTESIAN_POINT('Ctrl Pts',(61.0301689557801,0.715563728643219,-37.3941852042576));
#1522=CARTESIAN_POINT('Ctrl Pts',(61.0589153228798,0.665927721512032,-37.5799808808344));
#1523=CARTESIAN_POINT('Ctrl Pts',(61.1401840037691,0.525093115075895,-38.1098879309804));
#1524=CARTESIAN_POINT('Ctrl Pts',(61.1672392958026,0.453010735733642,-38.5106327617336));
#1525=CARTESIAN_POINT('Ctrl Pts',(61.2114433022224,0.31632508786541,-39.3342774017693));
#1526=CARTESIAN_POINT('Ctrl Pts',(61.2250433521321,0.255185038237885,-39.7579347553631));
#1527=CARTESIAN_POINT('Ctrl Pts',(61.2459088481384,0.125155392919452,-40.731612668447));
#1528=CARTESIAN_POINT('Ctrl Pts',(61.2500008939872,0.0593896055613729,-41.2823196677599));
#1529=CARTESIAN_POINT('Ctrl Pts',(61.2500008940697,1.73498299060881E-9,
-41.8134367858828));
#1530=CARTESIAN_POINT('Origin',(62.7055164640594,2.70551556998975,-31.0794929305273));
#1531=CARTESIAN_POINT('',(63.8376018685062,3.83760097443654,-8.2));
#1532=CARTESIAN_POINT('',(61.5346836654604,1.53468277139082,-30.8089858610545));
#1533=CARTESIAN_POINT('',(66.8688141547638,6.8688132606942,-8.2));
#1534=CARTESIAN_POINT('Origin',(65.353208011635,5.35320711756537,-8.2));
#1535=CARTESIAN_POINT('Origin',(65.353208011635,5.35320711756537,-8.2));
#1536=CARTESIAN_POINT('Origin',(60.0000008940697,0.209270012730695,-52.68843777247));
#1537=CARTESIAN_POINT('Origin',(60.0000008940697,2.22044604925031E-15,-8.2));
#1538=CARTESIAN_POINT('',(63.1985345752128,5.3485336811431,-8.2));
#1539=CARTESIAN_POINT('Origin',(65.3485345752128,5.3485336811431,-8.2));
#1540=CARTESIAN_POINT('Origin',(65.3485345752128,5.3485336811431,-8.2));
#1541=CARTESIAN_POINT('Origin',(57.2944853240799,2.70551556998972,-31.0794929305273));
#1542=CARTESIAN_POINT('',(56.1623999196331,3.83760097443648,-8.2));
#1543=CARTESIAN_POINT('',(58.4653181226789,1.53468277139077,-30.8089858610545));
#1544=CARTESIAN_POINT('',(53.1311876333755,6.86881326069416,-8.2));
#1545=CARTESIAN_POINT('Origin',(54.6467937765043,5.35320711756533,-8.2));
#1546=CARTESIAN_POINT('Origin',(54.6467937765043,5.35320711756533,-8.2));
#1547=CARTESIAN_POINT('Origin',(60.0000008940697,2.22044604925031E-15,-8.2));
#1548=CARTESIAN_POINT('',(52.5014672129266,5.34853368114308,-8.2));
#1549=CARTESIAN_POINT('Origin',(54.6514672129266,5.34853368114308,-8.2));
#1550=CARTESIAN_POINT('Origin',(54.6514672129266,5.34853368114308,-8.2));
#1551=CARTESIAN_POINT('Origin',(60.0000008940697,2.22044604925031E-15,-8.2));
#1552=CARTESIAN_POINT('',(52.5014672129266,-5.34853368114311,-8.2));
#1553=CARTESIAN_POINT('Origin',(54.6514672129266,-5.34853368114311,-8.2));
#1554=CARTESIAN_POINT('Origin',(54.6514672129266,-5.34853368114311,-8.2));
#1555=CARTESIAN_POINT('Origin',(60.0000008940697,2.47827652514591E-15,-31.35));
#1556=CARTESIAN_POINT('',(49.6073602069504,10.3926406871193,-8.2));
#1557=CARTESIAN_POINT('',(53.8500008940697,12.15,-13.2946797270331));
#1558=CARTESIAN_POINT('Ctrl Pts',(49.6073602069504,10.3926406871193,-8.20000000000008));
#1559=CARTESIAN_POINT('Ctrl Pts',(49.7932256607748,10.5785061409437,-8.20000000000008));
#1560=CARTESIAN_POINT('Ctrl Pts',(49.9865805835376,10.7472335163657,-8.24859057442193));
#1561=CARTESIAN_POINT('Ctrl Pts',(50.3765126068041,11.0485430465617,-8.42393738287032));
#1562=CARTESIAN_POINT('Ctrl Pts',(50.5730840412298,11.1811140117227,-8.55072544313729));
#1563=CARTESIAN_POINT('Ctrl Pts',(51.150144213238,11.5269822617542,-9.010590737388));
#1564=CARTESIAN_POINT('Ctrl Pts',(51.5183542320041,11.6884152650299,-9.42445776245325));
#1565=CARTESIAN_POINT('Ctrl Pts',(52.3232167999355,11.9759332186221,-10.4706437610538));
#1566=CARTESIAN_POINT('Ctrl Pts',(52.7623679501266,12.0650048214932,-11.1879173454506));
#1567=CARTESIAN_POINT('Ctrl Pts',(53.4084479974343,12.1384481118701,-12.3832405834977));
#1568=CARTESIAN_POINT('Ctrl Pts',(53.6339899554458,12.15,-12.8343175442006));
#1569=CARTESIAN_POINT('Ctrl Pts',(53.8500008940697,12.15,-13.2946797270331));
#1570=CARTESIAN_POINT('',(66.1500008940697,12.15,-13.2946797270331));
#1571=CARTESIAN_POINT('Ctrl Pts',(53.8500008940697,12.15,-13.2946797270331));
#1572=CARTESIAN_POINT('Ctrl Pts',(60.0000008940697,12.15,-26.4015503441255));
#1573=CARTESIAN_POINT('Ctrl Pts',(66.1500008940697,12.15,-13.2946797270331));
#1574=CARTESIAN_POINT('',(70.392641581189,10.3926406871193,-8.2));
#1575=CARTESIAN_POINT('Ctrl Pts',(66.1500008940697,12.15,-13.2946797270331));
#1576=CARTESIAN_POINT('Ctrl Pts',(66.3660118326935,12.15,-12.8343175442006));
#1577=CARTESIAN_POINT('Ctrl Pts',(66.591553790705,12.1384481118701,-12.3832405834978));
#1578=CARTESIAN_POINT('Ctrl Pts',(67.2376338380128,12.0650048214932,-11.1879173454506));
#1579=CARTESIAN_POINT('Ctrl Pts',(67.6767849882038,11.9759332186221,-10.4706437610539));
#1580=CARTESIAN_POINT('Ctrl Pts',(68.4816475561353,11.6884152650299,-9.42445776245331));
#1581=CARTESIAN_POINT('Ctrl Pts',(68.8498575749013,11.5269822617542,-9.01059073738803));
#1582=CARTESIAN_POINT('Ctrl Pts',(69.4269177469095,11.1811140117228,-8.55072544313731));
#1583=CARTESIAN_POINT('Ctrl Pts',(69.6234891813352,11.0485430465617,-8.42393738287037));
#1584=CARTESIAN_POINT('Ctrl Pts',(70.0134212046017,10.7472335163657,-8.24859057442197));
#1585=CARTESIAN_POINT('Ctrl Pts',(70.2067761273645,10.5785061409437,-8.20000000000009));
#1586=CARTESIAN_POINT('Ctrl Pts',(70.3926415811889,10.3926406871193,-8.2000000000001));
#1587=CARTESIAN_POINT('',(63.4550353186362,3.45503442456651,-54.5));
#1588=CARTESIAN_POINT('',(66.9238384499126,6.92383755584292,-31.35));
#1589=CARTESIAN_POINT('',(64.8861574357575,-2.1771759646718E-15,-54.5));
#1590=CARTESIAN_POINT('Origin',(60.0000008940697,-2.77555756156289E-15,
-54.5));
#1591=CARTESIAN_POINT('Origin',(60.0000008940697,-2.77555756156289E-15,
-54.5));
#1592=CARTESIAN_POINT('',(72.1500008940697,6.15000000000001,-13.2946797270331));
#1593=CARTESIAN_POINT('Ctrl Pts',(70.392641581189,10.3926406871193,-8.2000000000001));
#1594=CARTESIAN_POINT('Ctrl Pts',(70.5785070350134,10.2067752332949,-8.2000000000001));
#1595=CARTESIAN_POINT('Ctrl Pts',(70.7472344104354,10.0134203105321,-8.24859057442199));
#1596=CARTESIAN_POINT('Ctrl Pts',(71.0485439406313,9.62348828726558,-8.42393738287039));
#1597=CARTESIAN_POINT('Ctrl Pts',(71.1811149057924,9.42691685283981,-8.55072544313731));
#1598=CARTESIAN_POINT('Ctrl Pts',(71.5269831558239,8.84985668083166,-9.01059073738802));
#1599=CARTESIAN_POINT('Ctrl Pts',(71.6884161590996,8.48164666206562,-9.42445776245328));
#1600=CARTESIAN_POINT('Ctrl Pts',(71.9759341126917,7.67678409413415,-10.4706437610539));
#1601=CARTESIAN_POINT('Ctrl Pts',(72.0650057155628,7.2376329439431,-11.1879173454506));
#1602=CARTESIAN_POINT('Ctrl Pts',(72.1384490059397,6.59155289663535,-12.3832405834977));
#1603=CARTESIAN_POINT('Ctrl Pts',(72.1500008940697,6.36601093862387,-12.8343175442006));
#1604=CARTESIAN_POINT('Ctrl Pts',(72.1500008940697,6.15000000000001,-13.2946797270331));
#1605=CARTESIAN_POINT('',(72.1500008940697,-6.15000000000001,-13.2946797270331));
#1606=CARTESIAN_POINT('Ctrl Pts',(72.1500008940697,6.15000000000001,-13.2946797270331));
#1607=CARTESIAN_POINT('Ctrl Pts',(72.1500008940697,0.,-26.4015503441256));
#1608=CARTESIAN_POINT('Ctrl Pts',(72.1500008940697,-6.15000000000001,-13.2946797270331));
#1609=CARTESIAN_POINT('',(70.392641581189,-10.3926406871193,-8.2));
#1610=CARTESIAN_POINT('Ctrl Pts',(72.1500008940697,-6.15,-13.2946797270331));
#1611=CARTESIAN_POINT('Ctrl Pts',(72.1500008940697,-6.36601093862386,-12.8343175442006));
#1612=CARTESIAN_POINT('Ctrl Pts',(72.1384490059397,-6.59155289663536,-12.3832405834977));
#1613=CARTESIAN_POINT('Ctrl Pts',(72.0650057155628,-7.23763294394311,-11.1879173454506));
#1614=CARTESIAN_POINT('Ctrl Pts',(71.9759341126917,-7.67678409413415,-10.4706437610538));
#1615=CARTESIAN_POINT('Ctrl Pts',(71.6884161590996,-8.48164666206562,-9.42445776245326));
#1616=CARTESIAN_POINT('Ctrl Pts',(71.5269831558239,-8.84985668083166,-9.01059073738799));
#1617=CARTESIAN_POINT('Ctrl Pts',(71.1811149057924,-9.42691685283982,-8.55072544313727));
#1618=CARTESIAN_POINT('Ctrl Pts',(71.0485439406314,-9.62348828726557,-8.42393738287033));
#1619=CARTESIAN_POINT('Ctrl Pts',(70.7472344104354,-10.0134203105321,-8.24859057442193));
#1620=CARTESIAN_POINT('Ctrl Pts',(70.5785070350134,-10.2067752332949,-8.20000000000006));
#1621=CARTESIAN_POINT('Ctrl Pts',(70.392641581189,-10.3926406871193,-8.20000000000006));
#1622=CARTESIAN_POINT('',(66.1500008940697,-12.15,-13.2946797270331));
#1623=CARTESIAN_POINT('Ctrl Pts',(70.3926415811889,-10.3926406871193,-8.20000000000006));
#1624=CARTESIAN_POINT('Ctrl Pts',(70.2067761273645,-10.5785061409437,-8.20000000000006));
#1625=CARTESIAN_POINT('Ctrl Pts',(70.0134212046017,-10.7472335163657,-8.24859057442193));
#1626=CARTESIAN_POINT('Ctrl Pts',(69.6234891813353,-11.0485430465617,-8.42393738287033));
#1627=CARTESIAN_POINT('Ctrl Pts',(69.4269177469095,-11.1811140117227,-8.55072544313729));
#1628=CARTESIAN_POINT('Ctrl Pts',(68.8498575749013,-11.5269822617542,-9.010590737388));
#1629=CARTESIAN_POINT('Ctrl Pts',(68.4816475561353,-11.6884152650299,-9.42445776245324));
#1630=CARTESIAN_POINT('Ctrl Pts',(67.6767849882038,-11.9759332186221,-10.4706437610538));
#1631=CARTESIAN_POINT('Ctrl Pts',(67.2376338380128,-12.0650048214932,-11.1879173454506));
#1632=CARTESIAN_POINT('Ctrl Pts',(66.591553790705,-12.1384481118701,-12.3832405834977));
#1633=CARTESIAN_POINT('Ctrl Pts',(66.3660118326935,-12.15,-12.8343175442006));
#1634=CARTESIAN_POINT('Ctrl Pts',(66.1500008940697,-12.15,-13.2946797270331));
#1635=CARTESIAN_POINT('',(53.8500008940697,-12.15,-13.294679727033));
#1636=CARTESIAN_POINT('Ctrl Pts',(66.1500008940697,-12.15,-13.2946797270331));
#1637=CARTESIAN_POINT('Ctrl Pts',(60.0000008940697,-12.15,-26.4015503441255));
#1638=CARTESIAN_POINT('Ctrl Pts',(53.8500008940697,-12.15,-13.294679727033));
#1639=CARTESIAN_POINT('',(49.6073602069504,-10.3926406871193,-8.2));
#1640=CARTESIAN_POINT('Ctrl Pts',(53.8500008940697,-12.15,-13.294679727033));
#1641=CARTESIAN_POINT('Ctrl Pts',(53.6339899554458,-12.15,-12.8343175442005));
#1642=CARTESIAN_POINT('Ctrl Pts',(53.4084479974343,-12.1384481118701,-12.3832405834977));
#1643=CARTESIAN_POINT('Ctrl Pts',(52.7623679501266,-12.0650048214932,-11.1879173454505));
#1644=CARTESIAN_POINT('Ctrl Pts',(52.3232167999355,-11.9759332186221,-10.4706437610538));
#1645=CARTESIAN_POINT('Ctrl Pts',(51.518354232004,-11.6884152650299,-9.4244577624532));
#1646=CARTESIAN_POINT('Ctrl Pts',(51.150144213238,-11.5269822617542,-9.01059073738794));
#1647=CARTESIAN_POINT('Ctrl Pts',(50.5730840412298,-11.1811140117227,-8.55072544313723));
#1648=CARTESIAN_POINT('Ctrl Pts',(50.3765126068041,-11.0485430465617,-8.42393738287028));
#1649=CARTESIAN_POINT('Ctrl Pts',(49.9865805835376,-10.7472335163657,-8.24859057442189));
#1650=CARTESIAN_POINT('Ctrl Pts',(49.7932256607748,-10.5785061409437,-8.20000000000002));
#1651=CARTESIAN_POINT('Ctrl Pts',(49.6073602069504,-10.3926406871193,-8.20000000000002));
#1652=CARTESIAN_POINT('',(47.8500008940697,-6.15000000000001,-13.294679727033));
#1653=CARTESIAN_POINT('Ctrl Pts',(49.6073602069504,-10.3926406871193,-8.20000000000002));
#1654=CARTESIAN_POINT('Ctrl Pts',(49.421494753126,-10.2067752332949,-8.20000000000002));
#1655=CARTESIAN_POINT('Ctrl Pts',(49.252767377704,-10.0134203105321,-8.24859057442189));
#1656=CARTESIAN_POINT('Ctrl Pts',(48.951457847508,-9.62348828726559,-8.42393738287029));
#1657=CARTESIAN_POINT('Ctrl Pts',(48.8188868823469,-9.42691685283982,-8.55072544313723));
#1658=CARTESIAN_POINT('Ctrl Pts',(48.4730186323155,-8.84985668083166,-9.01059073738795));
#1659=CARTESIAN_POINT('Ctrl Pts',(48.3115856290398,-8.48164666206561,-9.4244577624532));
#1660=CARTESIAN_POINT('Ctrl Pts',(48.0240676754476,-7.67678409413414,-10.4706437610538));
#1661=CARTESIAN_POINT('Ctrl Pts',(47.9349960725765,-7.23763294394311,-11.1879173454505));
#1662=CARTESIAN_POINT('Ctrl Pts',(47.8615527821996,-6.59155289663536,-12.3832405834977));
#1663=CARTESIAN_POINT('Ctrl Pts',(47.8500008940697,-6.36601093862388,-12.8343175442005));
#1664=CARTESIAN_POINT('Ctrl Pts',(47.8500008940697,-6.15000000000003,-13.294679727033));
#1665=CARTESIAN_POINT('',(47.8500008940697,6.15,-13.294679727033));
#1666=CARTESIAN_POINT('Ctrl Pts',(47.8500008940697,-6.15000000000001,-13.294679727033));
#1667=CARTESIAN_POINT('Ctrl Pts',(47.8500008940697,-6.66133814775094E-15,
-26.4015503441255));
#1668=CARTESIAN_POINT('Ctrl Pts',(47.8500008940697,6.15,-13.294679727033));
#1669=CARTESIAN_POINT('Ctrl Pts',(47.8500008940697,6.15000000000001,-13.294679727033));
#1670=CARTESIAN_POINT('Ctrl Pts',(47.8500008940697,6.36601093862387,-12.8343175442006));
#1671=CARTESIAN_POINT('Ctrl Pts',(47.8615527821996,6.59155289663536,-12.3832405834977));
#1672=CARTESIAN_POINT('Ctrl Pts',(47.9349960725765,7.23763294394311,-11.1879173454506));
#1673=CARTESIAN_POINT('Ctrl Pts',(48.0240676754476,7.67678409413414,-10.4706437610539));
#1674=CARTESIAN_POINT('Ctrl Pts',(48.3115856290398,8.48164666206561,-9.42445776245328));
#1675=CARTESIAN_POINT('Ctrl Pts',(48.4730186323154,8.84985668083164,-9.010590737388));
#1676=CARTESIAN_POINT('Ctrl Pts',(48.8188868823469,9.4269168528398,-8.55072544313728));
#1677=CARTESIAN_POINT('Ctrl Pts',(48.951457847508,9.62348828726556,-8.42393738287036));
#1678=CARTESIAN_POINT('Ctrl Pts',(49.252767377704,10.0134203105321,-8.24859057442196));
#1679=CARTESIAN_POINT('Ctrl Pts',(49.421494753126,10.2067752332949,-8.20000000000007));
#1680=CARTESIAN_POINT('Ctrl Pts',(49.6073602069504,10.3926406871193,-8.20000000000007));
#1681=CARTESIAN_POINT('Origin',(60.1180791649136,0.00062490033319651,-60.));
#1682=CARTESIAN_POINT('',(57.9000008940697,2.57175827820944E-16,-60.));
#1683=CARTESIAN_POINT('Origin',(60.0000008940697,0.,-60.));
#1684=CARTESIAN_POINT('Origin',(60.0000008940697,-2.77555756156289E-15,
-60.));
#1685=CARTESIAN_POINT('',(64.8861574357575,-2.1771759646718E-15,-60.));
#1686=CARTESIAN_POINT('',(64.8861574357575,-2.1771759646718E-15,-60.));
#1687=CARTESIAN_POINT('',(58.9982763075651,4.7823711276595,-60.));
#1688=CARTESIAN_POINT('Origin',(60.0000008940697,-2.77555756156289E-15,
-60.));
#1689=CARTESIAN_POINT('',(58.9982763075651,4.7823711276595,-55.5));
#1690=CARTESIAN_POINT('',(58.9982763075651,4.7823711276595,-60.));
#1691=CARTESIAN_POINT('',(58.993069395465,4.78127589543568,-55.5));
#1692=CARTESIAN_POINT('Ctrl Pts',(58.9982763075651,4.7823711276595,-55.5));
#1693=CARTESIAN_POINT('Ctrl Pts',(58.9972347827723,4.78215231879022,-55.5));
#1694=CARTESIAN_POINT('Ctrl Pts',(58.9961933291658,4.78193339113326,-55.5));
#1695=CARTESIAN_POINT('Ctrl Pts',(58.9951519467458,4.78171434468858,-55.5));
#1696=CARTESIAN_POINT('Ctrl Pts',(58.9941106355121,4.7814951794561,-55.5));
#1697=CARTESIAN_POINT('Ctrl Pts',(58.993069395465,4.78127589543568,-55.5));
#1698=CARTESIAN_POINT('',(60.1105082757333,-4.88490674102145,-55.5));
#1699=CARTESIAN_POINT('Origin',(60.0000008940697,-2.77555756156289E-15,
-55.5));
#1700=CARTESIAN_POINT('',(60.1105082757333,-4.88490674102145,-60.));
#1701=CARTESIAN_POINT('',(60.1105082757333,-4.88490674102146,-60.));
#1702=CARTESIAN_POINT('Origin',(60.0000008940697,-2.77555756156289E-15,
-60.));
#1703=CARTESIAN_POINT('Origin',(51.3000008940697,-1.1,-60.));
#1704=CARTESIAN_POINT('',(49.6500008940697,-1.1,-55.5));
#1705=CARTESIAN_POINT('Origin',(51.3000008940697,-1.1,-55.5));
#1706=CARTESIAN_POINT('',(49.6500008940697,-1.1,-60.));
#1707=CARTESIAN_POINT('',(49.6500008940697,-1.1,-60.));
#1708=CARTESIAN_POINT('Origin',(51.3000008940697,-1.1,-60.));
#1709=CARTESIAN_POINT('Origin',(57.6144944316276,-5.65000001186687,-60.));
#1710=CARTESIAN_POINT('',(58.7853279000648,-5.65000001186687,-60.));
#1711=CARTESIAN_POINT('',(57.6144944316276,-5.65000001186687,-60.));
#1712=CARTESIAN_POINT('',(58.7853279000648,-5.65000001186687,-60.));
#1713=CARTESIAN_POINT('',(58.7853279000648,-5.65000001186687,-55.5));
#1714=CARTESIAN_POINT('',(58.7853279000648,-5.65000001186687,-60.));
#1715=CARTESIAN_POINT('',(57.6144944316276,-5.65000001186687,-55.5));
#1716=CARTESIAN_POINT('',(58.7853279000648,-5.65000001186687,-55.5));
#1717=CARTESIAN_POINT('',(57.6144944316276,-5.65000001186687,-60.));
#1718=CARTESIAN_POINT('Origin',(50.8353907192539,-5.60442566396945,-60.));
#1719=CARTESIAN_POINT('',(50.8353907192539,-5.60442566396945,-60.));
#1720=CARTESIAN_POINT('',(57.6144944316276,-5.65000001186687,-60.));
#1721=CARTESIAN_POINT('',(50.8353907192539,-5.60442566396945,-55.5));
#1722=CARTESIAN_POINT('',(57.6144944316276,-5.65000001186687,-55.5));
#1723=CARTESIAN_POINT('',(50.8353907192539,-5.60442566396945,-60.));
#1724=CARTESIAN_POINT('Origin',(50.8555585703381,-2.60449345510494,-60.));
#1725=CARTESIAN_POINT('',(47.8555585703381,-2.60449345510494,-60.));
#1726=CARTESIAN_POINT('Origin',(50.8555585703381,-2.60449345510494,-60.));
#1727=CARTESIAN_POINT('',(47.8555585703381,-2.60449345510494,-55.5));
#1728=CARTESIAN_POINT('Origin',(50.8555585703381,-2.60449345510494,-55.5));
#1729=CARTESIAN_POINT('',(47.8555585703381,-2.60449345510494,-60.));
#1730=CARTESIAN_POINT('Origin',(47.8555585703381,0.370738288641803,-60.));
#1731=CARTESIAN_POINT('',(47.8555585703381,0.370738288641802,-60.));
#1732=CARTESIAN_POINT('',(47.8555585703381,-2.60449345510494,-60.));
#1733=CARTESIAN_POINT('',(47.8555585703381,0.370738288641802,-55.5));
#1734=CARTESIAN_POINT('',(47.8555585703381,-2.60449345510494,-55.5));
#1735=CARTESIAN_POINT('',(47.8555585703381,0.370738288641802,-60.));
#1736=CARTESIAN_POINT('Origin',(49.8555585703381,0.370738288641792,-60.));
#1737=CARTESIAN_POINT('',(49.8452626572484,2.37071178700963,-60.));
#1738=CARTESIAN_POINT('Origin',(49.8555585703381,0.370738288641792,-60.));
#1739=CARTESIAN_POINT('',(49.8452626572484,2.37071178700963,-55.5));
#1740=CARTESIAN_POINT('Origin',(49.8555585703381,0.370738288641792,-55.5));
#1741=CARTESIAN_POINT('',(49.8452626572484,2.37071178700963,-60.));
#1742=CARTESIAN_POINT('Origin',(50.7158159824064,2.37519341708278,-60.));
#1743=CARTESIAN_POINT('',(50.7158159824064,2.37519341708278,-60.));
#1744=CARTESIAN_POINT('',(49.8452626572484,2.37071178700963,-60.));
#1745=CARTESIAN_POINT('',(50.7158159824064,2.37519341708278,-55.5));
#1746=CARTESIAN_POINT('',(49.8452626572484,2.37071178700963,-55.5));
#1747=CARTESIAN_POINT('',(50.7158159824064,2.37519341708278,-60.));
#1748=CARTESIAN_POINT('Ctrl Pts',(58.9982763075651,4.7823711276595,-60.));
#1749=CARTESIAN_POINT('Ctrl Pts',(58.9982763075651,4.7823711276595,-55.5));
#1750=CARTESIAN_POINT('Ctrl Pts',(58.8929208250835,4.76023750765029,-60.));
#1751=CARTESIAN_POINT('Ctrl Pts',(58.8929208250835,4.76023750765029,-55.5));
#1752=CARTESIAN_POINT('Ctrl Pts',(58.6836666659857,4.71353931521352,-60.));
#1753=CARTESIAN_POINT('Ctrl Pts',(58.6836666659857,4.71353931521352,-55.5));
#1754=CARTESIAN_POINT('Ctrl Pts',(58.3741560886206,4.63619891364595,-60.));
#1755=CARTESIAN_POINT('Ctrl Pts',(58.3741560886206,4.63619891364595,-55.5));
#1756=CARTESIAN_POINT('Ctrl Pts',(57.9702781071188,4.51838830485399,-60.));
#1757=CARTESIAN_POINT('Ctrl Pts',(57.9702781071188,4.51838830485399,-55.5));
#1758=CARTESIAN_POINT('Ctrl Pts',(57.4799171886297,4.34656515454385,-60.));
#1759=CARTESIAN_POINT('Ctrl Pts',(57.4799171886297,4.34656515454385,-55.5));
#1760=CARTESIAN_POINT('Ctrl Pts',(57.0027641606236,4.15112895791508,-60.));
#1761=CARTESIAN_POINT('Ctrl Pts',(57.0027641606236,4.15112895791508,-55.5));
#1762=CARTESIAN_POINT('Ctrl Pts',(56.5357580481101,3.93483247858138,-60.));
#1763=CARTESIAN_POINT('Ctrl Pts',(56.5357580481101,3.93483247858138,-55.5));
#1764=CARTESIAN_POINT('Ctrl Pts',(56.0730073447705,3.70343499668731,-60.));
#1765=CARTESIAN_POINT('Ctrl Pts',(56.0730073447705,3.70343499668731,-55.5));
#1766=CARTESIAN_POINT('Ctrl Pts',(55.6055418060993,3.46603448054718,-60.));
#1767=CARTESIAN_POINT('Ctrl Pts',(55.6055418060993,3.46603448054718,-55.5));
#1768=CARTESIAN_POINT('Ctrl Pts',(55.1230037543763,3.23325626925653,-60.));
#1769=CARTESIAN_POINT('Ctrl Pts',(55.1230037543763,3.23325626925653,-55.5));
#1770=CARTESIAN_POINT('Ctrl Pts',(54.6150032533896,3.01585744301687,-60.));
#1771=CARTESIAN_POINT('Ctrl Pts',(54.6150032533896,3.01585744301687,-55.5));
#1772=CARTESIAN_POINT('Ctrl Pts',(54.0724664182165,2.82333906854695,-60.));
#1773=CARTESIAN_POINT('Ctrl Pts',(54.0724664182165,2.82333906854695,-55.5));
#1774=CARTESIAN_POINT('Ctrl Pts',(53.4895089917661,2.66208812514379,-60.));
#1775=CARTESIAN_POINT('Ctrl Pts',(53.4895089917661,2.66208812514379,-55.5));
#1776=CARTESIAN_POINT('Ctrl Pts',(52.8635687487768,2.53520304033249,-60.));
#1777=CARTESIAN_POINT('Ctrl Pts',(52.8635687487768,2.53520304033249,-55.5));
#1778=CARTESIAN_POINT('Ctrl Pts',(52.194001912547,2.44380989383139,-60.));
#1779=CARTESIAN_POINT('Ctrl Pts',(52.194001912547,2.44380989383139,-55.5));
#1780=CARTESIAN_POINT('Ctrl Pts',(51.6238470535617,2.3989932704729,-60.));
#1781=CARTESIAN_POINT('Ctrl Pts',(51.6238470535617,2.3989932704729,-55.5));
#1782=CARTESIAN_POINT('Ctrl Pts',(51.177184387725,2.38104592317627,-60.));
#1783=CARTESIAN_POINT('Ctrl Pts',(51.177184387725,2.38104592317627,-55.5));
#1784=CARTESIAN_POINT('Ctrl Pts',(50.871006023042,2.37599233925453,-60.));
#1785=CARTESIAN_POINT('Ctrl Pts',(50.871006023042,2.37599233925453,-55.5));
#1786=CARTESIAN_POINT('Ctrl Pts',(50.7158159824064,2.37519341708278,-60.));
#1787=CARTESIAN_POINT('Ctrl Pts',(50.7158159824064,2.37519341708278,-55.5));
#1788=CARTESIAN_POINT('Ctrl Pts',(50.7158159824064,2.37519341708278,-60.));
#1789=CARTESIAN_POINT('Ctrl Pts',(50.871006023042,2.37599233925453,-60.));
#1790=CARTESIAN_POINT('Ctrl Pts',(51.177184387725,2.38104592317627,-60.));
#1791=CARTESIAN_POINT('Ctrl Pts',(51.6238470535617,2.3989932704729,-60.));
#1792=CARTESIAN_POINT('Ctrl Pts',(52.194001912547,2.44380989383139,-60.));
#1793=CARTESIAN_POINT('Ctrl Pts',(52.8635687487768,2.53520304033249,-60.));
#1794=CARTESIAN_POINT('Ctrl Pts',(53.4895089917661,2.66208812514379,-60.));
#1795=CARTESIAN_POINT('Ctrl Pts',(54.0724664182165,2.82333906854695,-60.));
#1796=CARTESIAN_POINT('Ctrl Pts',(54.6150032533896,3.01585744301687,-60.));
#1797=CARTESIAN_POINT('Ctrl Pts',(55.1230037543763,3.23325626925653,-60.));
#1798=CARTESIAN_POINT('Ctrl Pts',(55.6055418060993,3.46603448054718,-60.));
#1799=CARTESIAN_POINT('Ctrl Pts',(56.0730073447705,3.70343499668731,-60.));
#1800=CARTESIAN_POINT('Ctrl Pts',(56.5357580481101,3.93483247858138,-60.));
#1801=CARTESIAN_POINT('Ctrl Pts',(57.0027641606236,4.15112895791508,-60.));
#1802=CARTESIAN_POINT('Ctrl Pts',(57.4799171886297,4.34656515454385,-60.));
#1803=CARTESIAN_POINT('Ctrl Pts',(57.9702781071188,4.51838830485399,-60.));
#1804=CARTESIAN_POINT('Ctrl Pts',(58.3741560886206,4.63619891364595,-60.));
#1805=CARTESIAN_POINT('Ctrl Pts',(58.6836666659857,4.71353931521352,-60.));
#1806=CARTESIAN_POINT('Ctrl Pts',(58.8929208250835,4.76023750765029,-60.));
#1807=CARTESIAN_POINT('Ctrl Pts',(58.9982763075651,4.7823711276595,-60.));
#1808=CARTESIAN_POINT('Ctrl Pts',(58.993069395465,4.78127589543568,-55.5));
#1809=CARTESIAN_POINT('Ctrl Pts',(58.8887839564901,4.75931349551439,-55.5));
#1810=CARTESIAN_POINT('Ctrl Pts',(58.6806071167948,4.71277438340952,-55.5));
#1811=CARTESIAN_POINT('Ctrl Pts',(58.372159827936,4.63561646670218,-55.5));
#1812=CARTESIAN_POINT('Ctrl Pts',(57.9693085836692,4.51804858248396,-55.5));
#1813=CARTESIAN_POINT('Ctrl Pts',(57.4799171886297,4.34656515454385,-55.5));
#1814=CARTESIAN_POINT('Ctrl Pts',(57.0027641606236,4.15112895791508,-55.5));
#1815=CARTESIAN_POINT('Ctrl Pts',(56.5357580481101,3.93483247858138,-55.5));
#1816=CARTESIAN_POINT('Ctrl Pts',(56.0730073447705,3.70343499668731,-55.5));
#1817=CARTESIAN_POINT('Ctrl Pts',(55.6055418060993,3.46603448054718,-55.5));
#1818=CARTESIAN_POINT('Ctrl Pts',(55.1230037543763,3.23325626925653,-55.5));
#1819=CARTESIAN_POINT('Ctrl Pts',(54.6150032533896,3.01585744301687,-55.5));
#1820=CARTESIAN_POINT('Ctrl Pts',(54.0724664182165,2.82333906854695,-55.5));
#1821=CARTESIAN_POINT('Ctrl Pts',(53.4895089917661,2.66208812514379,-55.5));
#1822=CARTESIAN_POINT('Ctrl Pts',(52.8635687487768,2.53520304033249,-55.5));
#1823=CARTESIAN_POINT('Ctrl Pts',(52.194001912547,2.44380989383139,-55.5));
#1824=CARTESIAN_POINT('Ctrl Pts',(51.6238470535617,2.3989932704729,-55.5));
#1825=CARTESIAN_POINT('Ctrl Pts',(51.177184387725,2.38104592317627,-55.5));
#1826=CARTESIAN_POINT('Ctrl Pts',(50.871006023042,2.37599233925453,-55.5));
#1827=CARTESIAN_POINT('Ctrl Pts',(50.7158159824064,2.37519341708278,-55.5));
#1828=CARTESIAN_POINT('Origin',(58.7853279000648,-5.65000001186687,-60.));
#1829=CARTESIAN_POINT('',(60.5803527131493,-4.61364192001189,-55.5));
#1830=CARTESIAN_POINT('',(60.5803527131493,-4.61364192001189,-60.));
#1831=CARTESIAN_POINT('Origin',(54.2179556417437,-0.433814442103685,-60.));
#1832=CARTESIAN_POINT('',(55.3500008940697,-5.6946076160352E-16,-60.));
#1833=CARTESIAN_POINT('Origin',(60.0000008940697,0.,-60.));
#1834=CARTESIAN_POINT('Origin',(54.2179556417437,-0.433814442103685,-55.5));
#1835=CARTESIAN_POINT('Origin',(60.0000008940697,0.,-60.));
#1836=CARTESIAN_POINT('',(57.9000008940697,2.57175827820944E-16,-67.));
#1837=CARTESIAN_POINT('Origin',(60.0000008940697,0.,-67.));
#1838=CARTESIAN_POINT('',(57.9000008940697,2.57175827820944E-16,-60.));
#1839=CARTESIAN_POINT('Origin',(60.0000008940697,0.,-60.));
#1840=CARTESIAN_POINT('',(55.3500008940697,-5.6946076160352E-16,-67.));
#1841=CARTESIAN_POINT('Origin',(60.0000008940697,0.,-67.));
#1842=CARTESIAN_POINT('',(55.3500008940697,5.6946076160352E-16,-60.));
#1843=CARTESIAN_POINT('Origin',(60.0000008940697,0.,-67.));
#1844=CARTESIAN_POINT('Origin',(60.0000008940697,0.,-7.2));
#1845=CARTESIAN_POINT('',(61.2485345752128,-5.34853368114308,-7.2));
#1846=CARTESIAN_POINT('Origin',(65.3485345752128,-5.34853368114308,-7.2));
#1847=CARTESIAN_POINT('',(63.1985345752128,-5.34853368114308,-7.2));
#1848=CARTESIAN_POINT('Origin',(65.3485345752128,-5.34853368114308,-7.2));
#1849=CARTESIAN_POINT('Origin',(60.0000008940697,0.,-7.2));
#1850=CARTESIAN_POINT('',(50.5514672129266,-5.34853368114311,-7.2));
#1851=CARTESIAN_POINT('Origin',(54.6514672129266,-5.34853368114311,-7.2));
#1852=CARTESIAN_POINT('',(52.5014672129266,-5.34853368114311,-7.2));
#1853=CARTESIAN_POINT('Origin',(54.6514672129266,-5.34853368114311,-7.2));
#1854=CARTESIAN_POINT('Origin',(60.0000008940697,0.,-7.2));
#1855=CARTESIAN_POINT('',(50.5514672129266,5.34853368114308,-7.2));
#1856=CARTESIAN_POINT('Origin',(54.6514672129266,5.34853368114308,-7.2));
#1857=CARTESIAN_POINT('',(52.5014672129266,5.34853368114308,-7.2));
#1858=CARTESIAN_POINT('Origin',(54.6514672129266,5.34853368114308,-7.2));
#1859=CARTESIAN_POINT('Origin',(60.0000008940697,0.,-7.2));
#1860=CARTESIAN_POINT('',(61.2485345752128,5.3485336811431,-7.2));
#1861=CARTESIAN_POINT('Origin',(65.3485345752128,5.3485336811431,-7.2));
#1862=CARTESIAN_POINT('',(63.1985345752128,5.3485336811431,-7.2));
#1863=CARTESIAN_POINT('Origin',(65.3485345752128,5.3485336811431,-7.2));
#1864=CARTESIAN_POINT('Origin',(65.3485345752128,5.3485336811431,-7.2));
#1865=CARTESIAN_POINT('',(63.1985345752128,5.3485336811431,-7.2));
#1866=CARTESIAN_POINT('Origin',(65.3485345752128,-5.34853368114308,-7.2));
#1867=CARTESIAN_POINT('',(63.1985345752128,-5.34853368114308,-7.2));
#1868=CARTESIAN_POINT('Origin',(54.6514672129266,-5.34853368114311,-7.2));
#1869=CARTESIAN_POINT('',(52.5014672129266,-5.34853368114311,-7.2));
#1870=CARTESIAN_POINT('Origin',(54.6514672129266,5.34853368114308,-7.2));
#1871=CARTESIAN_POINT('',(52.5014672129266,5.34853368114308,-7.2));
#1872=CARTESIAN_POINT('Origin',(65.3485345752128,5.3485336811431,0.));
#1873=CARTESIAN_POINT('',(61.2485345752128,5.3485336811431,0.));
#1874=CARTESIAN_POINT('',(61.2485345752128,5.3485336811431,0.));
#1875=CARTESIAN_POINT('Origin',(65.3485345752128,5.3485336811431,0.));
#1876=CARTESIAN_POINT('Origin',(54.6514672129266,5.34853368114308,0.));
#1877=CARTESIAN_POINT('',(50.5514672129266,5.34853368114308,0.));
#1878=CARTESIAN_POINT('',(50.5514672129266,5.34853368114308,0.));
#1879=CARTESIAN_POINT('Origin',(54.6514672129266,5.34853368114308,0.));
#1880=CARTESIAN_POINT('Origin',(54.6514672129266,-5.34853368114311,0.));
#1881=CARTESIAN_POINT('',(50.5514672129266,-5.34853368114311,0.));
#1882=CARTESIAN_POINT('',(50.5514672129266,-5.34853368114311,0.));
#1883=CARTESIAN_POINT('Origin',(54.6514672129266,-5.34853368114311,0.));
#1884=CARTESIAN_POINT('Origin',(65.3485345752128,-5.34853368114308,0.));
#1885=CARTESIAN_POINT('',(61.2485345752128,-5.34853368114308,0.));
#1886=CARTESIAN_POINT('',(61.2485345752128,-5.34853368114308,0.));
#1887=CARTESIAN_POINT('Origin',(65.3485345752128,-5.34853368114308,0.));
#1888=CARTESIAN_POINT('Origin',(47.8500008940697,-6.15000000000001,0.));
#1889=CARTESIAN_POINT('',(47.8500008940697,-6.15000000000001,0.));
#1890=CARTESIAN_POINT('',(47.8500008940697,6.15,0.));
#1891=CARTESIAN_POINT('',(47.8500008940697,-6.15000000000001,0.));
#1892=CARTESIAN_POINT('',(47.8500008940697,6.15,0.));
#1893=CARTESIAN_POINT('',(47.8500008940697,-6.15000000000001,0.));
#1894=CARTESIAN_POINT('Origin',(53.8500008940697,-6.15000000000001,0.));
#1895=CARTESIAN_POINT('',(53.8500008940697,-12.15,0.));
#1896=CARTESIAN_POINT('Origin',(53.8500008940697,-6.15000000000001,0.));
#1897=CARTESIAN_POINT('',(53.8500008940697,-12.15,0.));
#1898=CARTESIAN_POINT('Origin',(66.1500008940697,-12.15,0.));
#1899=CARTESIAN_POINT('',(66.1500008940697,-12.15,0.));
#1900=CARTESIAN_POINT('',(66.1500008940697,-12.15,0.));
#1901=CARTESIAN_POINT('',(66.1500008940697,-12.15,0.));
#1902=CARTESIAN_POINT('Origin',(66.1500008940697,-6.15000000000001,0.));
#1903=CARTESIAN_POINT('',(72.1500008940697,-6.15000000000001,0.));
#1904=CARTESIAN_POINT('Origin',(66.1500008940697,-6.15000000000001,0.));
#1905=CARTESIAN_POINT('',(72.1500008940697,-6.15000000000001,0.));
#1906=CARTESIAN_POINT('Origin',(72.1500008940697,6.15000000000001,0.));
#1907=CARTESIAN_POINT('',(72.1500008940697,6.15000000000001,0.));
#1908=CARTESIAN_POINT('',(72.1500008940697,6.15000000000001,0.));
#1909=CARTESIAN_POINT('',(72.1500008940697,6.15000000000001,0.));
#1910=CARTESIAN_POINT('Origin',(66.1500008940697,6.15000000000001,0.));
#1911=CARTESIAN_POINT('',(66.1500008940697,12.15,0.));
#1912=CARTESIAN_POINT('Origin',(66.1500008940697,6.15000000000001,0.));
#1913=CARTESIAN_POINT('',(66.1500008940697,12.15,0.));
#1914=CARTESIAN_POINT('Origin',(53.8500008940697,12.15,0.));
#1915=CARTESIAN_POINT('',(53.8500008940697,12.15,0.));
#1916=CARTESIAN_POINT('',(53.8500008940697,12.15,0.));
#1917=CARTESIAN_POINT('',(53.8500008940697,12.15,0.));
#1918=CARTESIAN_POINT('Origin',(53.8500008940697,6.15000000000001,0.));
#1919=CARTESIAN_POINT('Origin',(53.8500008940697,6.15000000000001,0.));
#1920=CARTESIAN_POINT('Origin',(60.0000008940697,0.,0.));
#1921=UNCERTAINTY_MEASURE_WITH_UNIT(LENGTH_MEASURE(0.01),#1925,
'DISTANCE_ACCURACY_VALUE',
'Maximum model space distance between geometric entities at asserted c
onnectivities');
#1922=UNCERTAINTY_MEASURE_WITH_UNIT(LENGTH_MEASURE(0.01),#1925,
'DISTANCE_ACCURACY_VALUE',
'Maximum model space distance between geometric entities at asserted c
onnectivities');
#1923=(
GEOMETRIC_REPRESENTATION_CONTEXT(3)
GLOBAL_UNCERTAINTY_ASSIGNED_CONTEXT((#1921))
GLOBAL_UNIT_ASSIGNED_CONTEXT((#1925,#1926,#1927))
REPRESENTATION_CONTEXT('','3D')
);
#1924=(
GEOMETRIC_REPRESENTATION_CONTEXT(3)
GLOBAL_UNCERTAINTY_ASSIGNED_CONTEXT((#1922))
GLOBAL_UNIT_ASSIGNED_CONTEXT((#1925,#1926,#1927))
REPRESENTATION_CONTEXT('','3D')
);
#1925=(
LENGTH_UNIT()
NAMED_UNIT(*)
SI_UNIT(.MILLI.,.METRE.)
);
#1926=(
NAMED_UNIT(*)
PLANE_ANGLE_UNIT()
SI_UNIT($,.RADIAN.)
);
#1927=(
NAMED_UNIT(*)
SI_UNIT($,.STERADIAN.)
SOLID_ANGLE_UNIT()
);
#1928=SHAPE_DEFINITION_REPRESENTATION(#1929,#1930);
#1929=PRODUCT_DEFINITION_SHAPE('',$,#1932);
#1930=SHAPE_REPRESENTATION('',(#937),#1923);
#1931=PRODUCT_DEFINITION_CONTEXT('part definition',#1936,'design');
#1932=PRODUCT_DEFINITION('MyAssembly','myLongHub v6',#1933,#1931);
#1933=PRODUCT_DEFINITION_FORMATION('',$,#1938);
#1934=PRODUCT_RELATED_PRODUCT_CATEGORY('myLongHub v6','myLongHub v6',(#1938));
#1935=APPLICATION_PROTOCOL_DEFINITION('international standard',
'automotive_design',2009,#1936);
#1936=APPLICATION_CONTEXT(
'Core Data for Automotive Mechanical Design Process');
#1937=PRODUCT_CONTEXT('part definition',#1936,'mechanical');
#1938=PRODUCT('MyAssembly','myLongHub v6',$,(#1937));
#1939=PRESENTATION_STYLE_ASSIGNMENT((#1940));
#1940=SURFACE_STYLE_USAGE(.BOTH.,#1941);
#1941=SURFACE_SIDE_STYLE('',(#1942));
#1942=SURFACE_STYLE_FILL_AREA(#1943);
#1943=FILL_AREA_STYLE('Steel - Satin',(#1944));
#1944=FILL_AREA_STYLE_COLOUR('Steel - Satin',#1945);
#1945=COLOUR_RGB('Steel - Satin',0.627450980392157,0.627450980392157,0.627450980392157);
ENDSEC;
END-ISO-10303-21;
